--
-- PostgreSQL database dump
--

\restrict 0JlZHit4umVz6BFM3KdhGeNjy61fqFpe7vuva08OW843fm5RJnuAfTUwB6yaj6a

-- Dumped from database version 18.1
-- Dumped by pg_dump version 18.1

SET statement_timeout = 0;
SET lock_timeout = 0;
SET idle_in_transaction_session_timeout = 0;
SET transaction_timeout = 0;
SET client_encoding = 'UTF8';
SET standard_conforming_strings = on;
SELECT pg_catalog.set_config('search_path', '', false);
SET check_function_bodies = false;
SET xmloption = content;
SET client_min_messages = warning;
SET row_security = off;

--
-- Name: public; Type: SCHEMA; Schema: -; Owner: docker
--

-- *not* creating schema, since initdb creates it


ALTER SCHEMA public OWNER TO docker;

SET default_tablespace = '';

SET default_table_access_method = heap;

--
-- Name: Course; Type: TABLE; Schema: public; Owner: docker
--

CREATE TABLE public."Course" (
    id text NOT NULL,
    name text NOT NULL,
    "createdAt" timestamp(3) without time zone DEFAULT CURRENT_TIMESTAMP NOT NULL,
    "updatedAt" timestamp(3) without time zone NOT NULL,
    "universityId" text,
    human_weight double precision NOT NULL,
    language_weight double precision NOT NULL,
    math_weight double precision NOT NULL,
    nature_weight double precision NOT NULL,
    redacao_weight double precision NOT NULL,
    human_min_point double precision DEFAULT 400,
    language_min_point double precision DEFAULT 400,
    math_min_point double precision DEFAULT 400,
    nature_min_point double precision DEFAULT 400,
    redacao_min_point double precision DEFAULT 400
);


ALTER TABLE public."Course" OWNER TO docker;

--
-- Name: CutOff; Type: TABLE; Schema: public; Owner: docker
--

CREATE TABLE public."CutOff" (
    id text NOT NULL,
    "courseId" text NOT NULL,
    year integer NOT NULL
);


ALTER TABLE public."CutOff" OWNER TO docker;

--
-- Name: CutOffCategory; Type: TABLE; Schema: public; Owner: docker
--

CREATE TABLE public."CutOffCategory" (
    id text NOT NULL,
    "cutOffId" text NOT NULL,
    name text NOT NULL,
    score double precision NOT NULL
);


ALTER TABLE public."CutOffCategory" OWNER TO docker;

--
-- Name: University; Type: TABLE; Schema: public; Owner: docker
--

CREATE TABLE public."University" (
    id text NOT NULL,
    name text NOT NULL,
    "createAt" timestamp(3) without time zone DEFAULT CURRENT_TIMESTAMP NOT NULL,
    "updateAt" timestamp(3) without time zone NOT NULL
);


ALTER TABLE public."University" OWNER TO docker;

--
-- Name: _prisma_migrations; Type: TABLE; Schema: public; Owner: docker
--

CREATE TABLE public._prisma_migrations (
    id character varying(36) NOT NULL,
    checksum character varying(64) NOT NULL,
    finished_at timestamp with time zone,
    migration_name character varying(255) NOT NULL,
    logs text,
    rolled_back_at timestamp with time zone,
    started_at timestamp with time zone DEFAULT now() NOT NULL,
    applied_steps_count integer DEFAULT 0 NOT NULL
);


ALTER TABLE public._prisma_migrations OWNER TO docker;

--
-- Data for Name: Course; Type: TABLE DATA; Schema: public; Owner: docker
--

COPY public."Course" (id, name, "createdAt", "updatedAt", "universityId", human_weight, language_weight, math_weight, nature_weight, redacao_weight, human_min_point, language_min_point, math_min_point, nature_min_point, redacao_min_point) FROM stdin;
8186ad5d-2a3f-451a-a24a-5674cb53977e	ADMINISTRAÇÃO - MATUTINO	2025-12-25 21:03:57.295	2025-12-25 21:03:57.295	644cfe95-deef-4319-8b92-66001815fddb	2.5	2	1.5	1	1.5	400	400	400	400	400
92d235d5-b98c-4b4f-8b6e-935bcb966bcc	ADMINISTRAÇÃO - NOTURNO	2025-12-25 21:03:57.299	2025-12-25 21:03:57.299	644cfe95-deef-4319-8b92-66001815fddb	2.5	2	1.5	1	1.5	400	400	400	400	400
f58745c8-b438-44b1-9d7d-2ca404be6e51	ARQUEOLOGIA	2025-12-25 21:03:57.301	2025-12-25 21:03:57.301	644cfe95-deef-4319-8b92-66001815fddb	3.5	2	1	1	1.5	400	400	400	400	400
807ef1ff-cb62-45e1-a49a-51edd4730d4c	BIBLIOTECONOMIA E DOCUMENTAÇÃO	2025-12-25 21:03:57.303	2025-12-25 21:03:57.303	644cfe95-deef-4319-8b92-66001815fddb	2.5	3	1	1	1.5	400	400	400	400	400
44d419fc-6bdf-4373-be8a-25665f0caa0a	CIÊNCIAS CONTÁBEIS	2025-12-25 21:03:57.306	2025-12-25 21:03:57.306	644cfe95-deef-4319-8b92-66001815fddb	2.5	2	2.5	1	2	400	400	400	400	400
559771e0-6d1c-4788-98bf-fb8c4ee4ac2d	CIÊNCIAS ECONÔMICAS	2025-12-25 21:03:57.307	2025-12-25 21:03:57.307	644cfe95-deef-4319-8b92-66001815fddb	3	2	3	1	2	400	400	400	400	400
35327d51-15cc-4754-891f-b9deb2b27448	CINEMA E AUDIOVISUAL	2025-12-25 21:03:57.309	2025-12-25 21:03:57.309	644cfe95-deef-4319-8b92-66001815fddb	2.5	3.5	1	1	2	400	400	400	400	400
cd48e7a1-da13-485a-b7c4-32c9a49d41f9	DESIGN	2025-12-25 21:03:57.311	2025-12-25 21:03:57.311	644cfe95-deef-4319-8b92-66001815fddb	2.5	2.5	2	1	2	400	400	400	400	400
213b6b4d-ba7a-4502-b72c-9b2e484765eb	DIREITO - MATUTINO	2025-12-25 21:03:57.314	2025-12-25 21:03:57.314	644cfe95-deef-4319-8b92-66001815fddb	3	3	1	1	2	400	400	400	400	400
58d1d736-1a8c-473d-b82b-990392931776	DIREITO - NOTURNO	2025-12-25 21:03:57.316	2025-12-25 21:03:57.316	644cfe95-deef-4319-8b92-66001815fddb	3	3	1	1	2	400	400	400	400	400
db312403-8627-42b1-8a32-cf2b9a97ed66	HOTELARIA	2025-12-25 21:03:57.318	2025-12-25 21:03:57.318	644cfe95-deef-4319-8b92-66001815fddb	3	2.5	1	1.5	2	400	400	400	400	400
638b7e89-1d10-4350-b6e5-b0aab4b3c0bd	JORNALISMO	2025-12-25 21:03:57.32	2025-12-25 21:03:57.32	644cfe95-deef-4319-8b92-66001815fddb	2	3	1	1	3	400	400	400	400	400
1da46106-2909-4e9b-a254-a76a126ea767	LETRAS - LIBRAS	2025-12-25 21:03:57.322	2025-12-25 21:03:57.322	644cfe95-deef-4319-8b92-66001815fddb	2.5	3.5	1	1	2	400	400	400	400	400
a31b9771-c493-48c5-a080-82c8199539c3	LETRAS - LÍNGUA PORTUGUESA	2025-12-25 21:03:57.323	2025-12-25 21:03:57.323	644cfe95-deef-4319-8b92-66001815fddb	2	3.5	1	1	2.5	400	400	400	400	400
857352da-765a-41e8-b034-cf39ee80361f	LETRAS - PORTUGUÊS E ESPANHOL - VESPERTINO	2025-12-25 21:03:57.326	2025-12-25 21:03:57.326	644cfe95-deef-4319-8b92-66001815fddb	2	3.5	1	1	2.5	400	400	400	400	400
a19ecf75-9eae-4769-a730-606f57a5b73d	LETRAS - PORTUGUÊS E ESPANHOL - NOTURNO	2025-12-25 21:03:57.327	2025-12-25 21:03:57.327	644cfe95-deef-4319-8b92-66001815fddb	2	3.5	1	1	2.5	400	400	400	400	400
174ee95d-cc0e-46b2-a035-0d0b76eae195	LETRAS - PORTUGUÊS E FRANCÊS	2025-12-25 21:03:57.329	2025-12-25 21:03:57.329	644cfe95-deef-4319-8b92-66001815fddb	2	3.5	1	1	2.5	400	400	400	400	400
886745f0-b731-4f1a-95b4-8dcf8ebfb45a	LETRAS - PORTUGUÊS E INGLÊS - VESPERTINO	2025-12-25 21:03:57.331	2025-12-25 21:03:57.331	644cfe95-deef-4319-8b92-66001815fddb	2	3.5	1	1	2.5	400	400	400	400	400
4b9423a2-a6b0-465a-a42b-bf4ed3097726	LETRAS - PORTUGUÊS E INGLÊS - NOTURNO	2025-12-25 21:03:57.333	2025-12-25 21:03:57.333	644cfe95-deef-4319-8b92-66001815fddb	2	3.5	1	1	2.5	400	400	400	400	400
35c9d07d-bb4e-4c4b-a51a-966f7f70b6fc	MUSEOLOGIA	2025-12-25 21:03:57.334	2025-12-25 21:03:57.334	644cfe95-deef-4319-8b92-66001815fddb	3.5	2.5	1	1	2	400	400	400	400	400
0c178ab9-c19e-42b1-9433-e3f14337c5ca	MÚSICA	2025-12-25 21:03:57.336	2025-12-25 21:03:57.336	644cfe95-deef-4319-8b92-66001815fddb	2.5	3	1	1	2.5	400	400	400	400	400
2e6935be-7880-4032-839e-c8daeeb92350	PUBLICIDADE E PROPAGANDA	2025-12-25 21:03:57.337	2025-12-25 21:03:57.337	644cfe95-deef-4319-8b92-66001815fddb	2	3.5	1	1	2.5	400	400	400	400	400
0fe46535-7a46-4deb-ae09-0b341f42f6cf	SECRETARIADO EXECUTIVO	2025-12-25 21:03:57.339	2025-12-25 21:03:57.339	644cfe95-deef-4319-8b92-66001815fddb	3	3.5	1	1	1.5	400	400	400	400	400
99254b7f-e3fb-44f7-93e5-96aa0c710704	SERVIÇO SOCIAL - MATUTINO	2025-12-25 21:03:57.34	2025-12-25 21:03:57.34	644cfe95-deef-4319-8b92-66001815fddb	3.5	2	1.5	1	2	400	400	400	400	400
cb49f566-bba4-4089-b50b-552f533aaa03	SERVIÇO SOCIAL - NOTURNO	2025-12-25 21:03:57.341	2025-12-25 21:03:57.341	644cfe95-deef-4319-8b92-66001815fddb	3.5	2	1.5	1	2	400	400	400	400	400
320b8627-ea15-4477-9d42-53df91fdbe7a	TEATRO	2025-12-25 21:03:57.342	2025-12-25 21:03:57.342	644cfe95-deef-4319-8b92-66001815fddb	2.5	3.5	1	1	2	400	400	400	400	400
7d047e8e-9d80-49bb-ac7f-24ae08a1b651	TURISMO	2025-12-25 21:03:57.343	2025-12-25 21:03:57.343	644cfe95-deef-4319-8b92-66001815fddb	3	2.5	1	1.5	2	400	400	400	400	400
a2534bae-085d-4052-9166-8d194d0261c8	CIÊNCIAS BIOLÓGICAS - MATUTINO	2025-12-25 21:03:57.345	2025-12-25 21:03:57.345	644cfe95-deef-4319-8b92-66001815fddb	1.5	2	1.5	3	2	400	400	400	400	400
3ef30602-8054-4fcb-b340-5209d8c534ab	CIÊNCIAS BIOLÓGICAS - NOTURNO	2025-12-25 21:03:57.347	2025-12-25 21:03:57.347	644cfe95-deef-4319-8b92-66001815fddb	1.5	2	1.5	3	2	400	400	400	400	400
7a2dee03-cdc7-42cf-89c4-2ea589566f82	CIÊNCIAS BIOLÓGICAS - VESPERTINO	2025-12-25 21:03:57.349	2025-12-25 21:03:57.349	644cfe95-deef-4319-8b92-66001815fddb	1.5	2	1.5	3	2	400	400	400	400	400
cd45ee32-08e5-4400-bb15-80b00e35c175	EDUCAÇÃO FÍSICA - MATUTINO	2025-12-25 21:03:57.351	2025-12-25 21:03:57.351	644cfe95-deef-4319-8b92-66001815fddb	2	2.5	1.5	2	2	400	400	400	400	400
318484d0-15a4-46d7-929c-988417a333b4	EDUCAÇÃO FÍSICA - NOTURNO	2025-12-25 21:03:57.353	2025-12-25 21:03:57.353	644cfe95-deef-4319-8b92-66001815fddb	2	2.5	1.5	2	2	400	400	400	400	400
cf16352c-4ca5-4cb2-9dc4-c7ec20843d21	ENFERMAGEM	2025-12-25 21:03:57.355	2025-12-25 21:03:57.355	644cfe95-deef-4319-8b92-66001815fddb	1.5	2	1.5	2.5	2.5	400	400	400	400	400
bcd5460f-af48-4cd8-b84a-4ff4f1d169c4	FARMÁCIA - VESPERTINO	2025-12-25 21:03:57.357	2025-12-25 21:03:57.357	644cfe95-deef-4319-8b92-66001815fddb	1.5	2	1.5	2.5	2.5	400	400	400	400	400
4cfeb68f-b761-4794-8986-c494dc2cbe45	FARMÁCIA - NOTURNO	2025-12-25 21:03:57.359	2025-12-25 21:03:57.359	644cfe95-deef-4319-8b92-66001815fddb	1.5	2	1.5	2.5	2.5	400	400	400	400	400
df9e946f-03da-4fd9-b311-1e026b9a8f2f	FISIOTERAPIA	2025-12-25 21:03:57.361	2025-12-25 21:03:57.361	644cfe95-deef-4319-8b92-66001815fddb	2	2	1	3	2	400	400	400	400	400
051d07ea-ac30-4ba8-90ad-c66cd2fceef0	FONOAUDIOLOGIA	2025-12-25 21:03:57.362	2025-12-25 21:03:57.362	644cfe95-deef-4319-8b92-66001815fddb	2	2.5	1.5	2	2	400	400	400	400	400
8b3db483-00e0-414f-8042-4b9a3ece27c4	MEDICINA	2025-12-25 21:03:57.364	2025-12-25 21:03:57.364	644cfe95-deef-4319-8b92-66001815fddb	1.5	2	1	3.5	2	400	400	400	400	400
6207ef4d-e2ea-4c04-80e1-0bc612e0b649	NUTRIÇÃO	2025-12-25 21:03:57.365	2025-12-25 21:03:57.365	644cfe95-deef-4319-8b92-66001815fddb	2	2	1	3	2	400	400	400	400	400
911c12f4-4c97-4ca8-9a78-062395e76ff5	ODONTOLOGIA	2025-12-25 21:03:57.367	2025-12-25 21:03:57.367	644cfe95-deef-4319-8b92-66001815fddb	1.5	2	1	3.5	2	400	400	400	400	400
73295d6a-5046-4df4-9b08-2c22313543f2	ESTATÍSTICA	2025-12-25 21:03:57.368	2025-12-25 21:03:57.368	644cfe95-deef-4319-8b92-66001815fddb	1	1.5	4	2	1.5	400	400	400	400	400
84e66b55-792b-44dc-8de9-c77fda7d9ab3	FÍSICA - LICENCIATURA - VESPERTINO	2025-12-25 21:03:57.37	2025-12-25 21:03:57.37	644cfe95-deef-4319-8b92-66001815fddb	1	1.5	3	3	1.5	400	400	400	400	400
cd25a18b-0eb6-4d9c-bedc-a7536b7a7526	FÍSICA - LICENCIATURA - NOTURNO	2025-12-25 21:03:57.371	2025-12-25 21:03:57.371	644cfe95-deef-4319-8b92-66001815fddb	1	1.5	3	3	1.5	400	400	400	400	400
c5ec34a4-f0d8-453e-b2d7-324866474b90	FÍSICA - BACHARELADO - HABILITAÇÃO EM ASTRONOMIA	2025-12-25 21:03:57.373	2025-12-25 21:03:57.373	644cfe95-deef-4319-8b92-66001815fddb	1	1.5	3	3	1.5	400	400	400	400	400
f57653b5-0346-4e73-a16f-013cbb57c67f	FÍSICA - BACHARELADO - HABILITAÇÃO EM FÍSICA MÉDICA	2025-12-25 21:03:57.375	2025-12-25 21:03:57.375	644cfe95-deef-4319-8b92-66001815fddb	1	1.5	3	3	1.5	400	400	400	400	400
9499e1a7-faab-4d0c-a233-02343308b299	GEOGRAFIA - BACHARELADO	2025-12-25 21:03:57.377	2025-12-25 21:03:57.377	644cfe95-deef-4319-8b92-66001815fddb	3	2	1.5	1.5	2	400	400	400	400	400
45e7db83-6fb4-41cc-bdc4-35d68a81d73b	GEOGRAFIA - LICENCIATURA - MATUTINO	2025-12-25 21:03:57.378	2025-12-25 21:03:57.378	644cfe95-deef-4319-8b92-66001815fddb	3	2	1.5	1.5	2	400	400	400	400	400
3271a8a4-8932-4ac5-9aa1-187f82562431	GEOGRAFIA - LICENCIATURA - NOTURNO	2025-12-25 21:03:57.38	2025-12-25 21:03:57.38	644cfe95-deef-4319-8b92-66001815fddb	3	2	1.5	1.5	2	400	400	400	400	400
2247ed0f-4952-4d5f-b9ad-a95ee9177e00	MATEMÁTICA - BACHARELADO	2025-12-25 21:03:57.382	2025-12-25 21:03:57.382	644cfe95-deef-4319-8b92-66001815fddb	1	1.5	4	2	1.5	400	400	400	400	400
47953305-aee1-4fb5-8268-66ee66d8d2bd	MATEMÁTICA - LICENCIATURA - MATUTINO	2025-12-25 21:03:57.383	2025-12-25 21:03:57.383	644cfe95-deef-4319-8b92-66001815fddb	1	1.5	4	2	1.5	400	400	400	400	400
69e82758-2ab3-4d98-9cd4-755dc7004241	MATEMÁTICA - LICENCIATURA - NOTURNO	2025-12-25 21:03:57.384	2025-12-25 21:03:57.384	644cfe95-deef-4319-8b92-66001815fddb	1	1.5	4	2	1.5	400	400	400	400	400
3f18b3db-d424-4ff6-ab51-3cf53f6a435d	QUÍMICA - LICENCIATURA - VESPERTINO	2025-12-25 21:03:57.385	2025-12-25 21:03:57.385	644cfe95-deef-4319-8b92-66001815fddb	1	1.5	2.5	3.5	1.5	400	400	400	400	400
910dfa72-06ea-49d1-9967-e54ae2d6af9c	QUÍMICA - LICENCIATURA - NOTURNO	2025-12-25 21:03:57.387	2025-12-25 21:03:57.387	644cfe95-deef-4319-8b92-66001815fddb	1	1.5	2.5	3.5	1.5	400	400	400	400	400
3a4962e0-662d-4e71-b12d-393443c1e5a4	QUÍMICA - BACHARELADO	2025-12-25 21:03:57.389	2025-12-25 21:03:57.389	644cfe95-deef-4319-8b92-66001815fddb	1	1.5	2.5	3.5	1.5	400	400	400	400	400
8141ab32-0b98-4400-888f-ad1cbe79b5d1	QUÍMICA TECNOLÓGICA	2025-12-25 21:03:57.39	2025-12-25 21:03:57.39	644cfe95-deef-4319-8b92-66001815fddb	1	1.5	2.5	3.5	1.5	400	400	400	400	400
cf6eefb1-60e9-4866-aa8d-5ae5db5d3640	CIÊNCIA DA COMPUTAÇÃO	2025-12-25 21:03:57.392	2025-12-25 21:03:57.392	644cfe95-deef-4319-8b92-66001815fddb	1	2	4	1	2	400	400	400	400	400
f35f5673-fa71-46f7-9f08-d55bb4ccfc41	ENGENHARIA AGRONÔMICA	2025-12-25 21:03:57.393	2025-12-25 21:03:57.393	644cfe95-deef-4319-8b92-66001815fddb	1	1	2	4	2	400	400	400	400	400
5a0bda81-98d9-452e-9210-c418cc362418	ENGENHARIA AMBIENTAL E SANITÁRIA	2025-12-25 21:03:57.395	2025-12-25 21:03:57.395	644cfe95-deef-4319-8b92-66001815fddb	1	1.5	3	2.5	2	400	400	400	400	400
29324102-9bdb-411a-a08d-f54a12ebc10e	ENGENHARIA CIVIL	2025-12-25 21:03:57.397	2025-12-25 21:03:57.397	644cfe95-deef-4319-8b92-66001815fddb	1	1.5	4	1.5	2	400	400	400	400	400
c9978694-dcef-434c-b384-f5d905695dd5	ENGENHARIA DE ALIMENTOS	2025-12-25 21:03:57.398	2025-12-25 21:03:57.398	644cfe95-deef-4319-8b92-66001815fddb	1.5	1.5	2.5	2.5	2	400	400	400	400	400
88eda2b3-0053-432b-a488-693245e017a0	ENGENHARIA DE COMPUTAÇÃO	2025-12-25 21:03:57.4	2025-12-25 21:03:57.4	644cfe95-deef-4319-8b92-66001815fddb	1	2	4	1	2	400	400	400	400	400
8a203d3b-517d-4d9b-9c5e-aea4aa047d46	ENGENHARIA DE MATERIAIS	2025-12-25 21:03:57.402	2025-12-25 21:03:57.402	644cfe95-deef-4319-8b92-66001815fddb	1	1.5	3	2.5	2	400	400	400	400	400
97a0554f-32ce-401d-bceb-3d439832fca7	ENGENHARIA DE PESCA	2025-12-25 21:03:57.403	2025-12-25 21:03:57.403	644cfe95-deef-4319-8b92-66001815fddb	1.5	1.5	2	3	2	400	400	400	400	400
a91bd585-e471-4442-9a6b-e0762dcd6594	ENGENHARIA DE PETRÓLEO	2025-12-25 21:03:57.404	2025-12-25 21:03:57.404	644cfe95-deef-4319-8b92-66001815fddb	1	1.5	3	2.5	2	400	400	400	400	400
89f419e3-645f-4f95-8445-1c682d44c264	ENGENHARIA DE PRODUÇÃO	2025-12-25 21:03:57.406	2025-12-25 21:03:57.406	644cfe95-deef-4319-8b92-66001815fddb	1.5	1.5	3.5	1.5	2	400	400	400	400	400
e65b951c-a560-499b-a303-bd06f08c1db1	ENGENHARIA ELÉTRICA	2025-12-25 21:03:57.407	2025-12-25 21:03:57.407	644cfe95-deef-4319-8b92-66001815fddb	1	1.5	3.5	2	2	400	400	400	400	400
f94ab045-6aa8-4fed-9197-38d6482eee9c	ENGENHARIA FLORESTAL	2025-12-25 21:03:57.41	2025-12-25 21:03:57.41	644cfe95-deef-4319-8b92-66001815fddb	1.5	1.5	2	3	2	400	400	400	400	400
3353bf47-a848-40a8-966a-a5e64ef1211c	ENGENHARIA MECÂNICA	2025-12-25 21:03:57.411	2025-12-25 21:03:57.411	644cfe95-deef-4319-8b92-66001815fddb	1	1.5	3.5	2	2	400	400	400	400	400
8ab7c181-e802-4436-948d-65dd5e95f91b	ENGENHARIA QUÍMICA	2025-12-25 21:03:57.413	2025-12-25 21:03:57.413	644cfe95-deef-4319-8b92-66001815fddb	1	1.5	3	2.5	2	400	400	400	400	400
6ad2cc7b-c082-44be-9b18-bbdc8e071c64	GEOLOGIA	2025-12-25 21:03:57.415	2025-12-25 21:03:57.415	644cfe95-deef-4319-8b92-66001815fddb	1	1.5	2.5	3	2	400	400	400	400	400
ab17d6be-e08c-4bc8-ac00-65a00af1c3a7	SISTEMAS DE INFORMAÇÃO	2025-12-25 21:03:57.417	2025-12-25 21:03:57.417	644cfe95-deef-4319-8b92-66001815fddb	1	2.5	3.5	1	2	400	400	400	400	400
1c00150e-c291-45d7-ba7c-0bc109915e7a	ZOOTECNIA	2025-12-25 21:03:57.419	2025-12-25 21:03:57.419	644cfe95-deef-4319-8b92-66001815fddb	1.5	1.5	2	3	2	400	400	400	400	400
afabda09-2756-436e-a8c6-c42bed1a272f	PEDAGOGIA - MATUTINO	2025-12-25 21:03:57.42	2025-12-25 21:03:57.42	644cfe95-deef-4319-8b92-66001815fddb	3	3	1	1	2	400	400	400	400	400
0e7df71c-65a0-413a-94e2-d94b4a37d9f8	PEDAGOGIA - VESPERTINO	2025-12-25 21:03:57.422	2025-12-25 21:03:57.422	644cfe95-deef-4319-8b92-66001815fddb	3	3	1	1	2	400	400	400	400	400
2ca09ff3-d47e-4935-8d3c-599247bd3f9e	PEDAGOGIA - NOTURNO	2025-12-25 21:03:57.423	2025-12-25 21:03:57.423	644cfe95-deef-4319-8b92-66001815fddb	3	3	1	1	2	400	400	400	400	400
ec7ef52e-aea7-434f-9a5d-1f392f9149f6	PSICOLOGIA	2025-12-25 21:03:57.425	2025-12-25 21:03:57.425	644cfe95-deef-4319-8b92-66001815fddb	3	2	1	1.5	2.5	400	400	400	400	400
a527e03f-7055-491f-bd72-2d4e7cdf495f	ENFERMAGEM (CAMPUS LAGARTO)	2025-12-25 21:03:57.426	2025-12-25 21:03:57.426	644cfe95-deef-4319-8b92-66001815fddb	1.5	2	1.5	2.5	2.5	400	400	400	400	400
c9c2600d-ae9b-403c-8178-fcd30d79516f	FARMÁCIA (CAMPUS LAGARTO)	2025-12-25 21:03:57.427	2025-12-25 21:03:57.427	644cfe95-deef-4319-8b92-66001815fddb	1.5	2	1.5	2.5	2.5	400	400	400	400	400
06de32b4-9b96-4f85-81c0-4939779f3ad8	FISIOTERAPIA (CAMPUS LAGARTO)	2025-12-25 21:03:57.429	2025-12-25 21:03:57.429	644cfe95-deef-4319-8b92-66001815fddb	2	2	1	3	2	400	400	400	400	400
7fe5b607-90d8-4d1c-8f6c-184d82465ed4	FONOAUDIOLOGIA (CAMPUS LAGARTO)	2025-12-25 21:03:57.431	2025-12-25 21:03:57.431	644cfe95-deef-4319-8b92-66001815fddb	2	2.5	1.5	2	2	400	400	400	400	400
1b71baf5-bbc9-4afd-b104-df9044685f8b	MEDICINA (CAMPUS LAGARTO)	2025-12-25 21:03:57.433	2025-12-25 21:03:57.433	644cfe95-deef-4319-8b92-66001815fddb	1.5	2	1	3.5	2	400	400	400	400	400
a271ab78-2cb4-4bea-9e6c-c47ab02a5ba4	NUTRIÇÃO (CAMPUS LAGARTO)	2025-12-25 21:03:57.434	2025-12-25 21:03:57.434	644cfe95-deef-4319-8b92-66001815fddb	2	2	1	3	2	400	400	400	400	400
27f7aa77-da2c-4a3a-93c9-7758f1649b17	ODONTOLOGIA (CAMPUS LAGARTO)	2025-12-25 21:03:57.436	2025-12-25 21:03:57.436	644cfe95-deef-4319-8b92-66001815fddb	1.5	2	1	3.5	2	400	400	400	400	400
5c7df231-da04-4c6f-87b7-59e1b069b994	TERAPIA OCUPACIONAL (CAMPUS LAGARTO)	2025-12-25 21:03:57.438	2025-12-25 21:03:57.438	644cfe95-deef-4319-8b92-66001815fddb	2.5	2	1	2.5	2	400	400	400	400	400
4e262c9e-7a1c-4dd0-8286-37770a4635e8	ADMINISTRAÇÃO (CAMPUS ITABAIANA)	2025-12-25 21:03:57.439	2025-12-25 21:03:57.439	644cfe95-deef-4319-8b92-66001815fddb	2.5	2	1.5	1	1.5	400	400	400	400	400
cbee5523-2852-471c-8933-cbbcdd89997e	CIÊNCIAS BIOLÓGICAS (CAMPUS ITABAIANA)	2025-12-25 21:03:57.441	2025-12-25 21:03:57.441	644cfe95-deef-4319-8b92-66001815fddb	1.5	2	1.5	3	2	400	400	400	400	400
e66bb798-c44b-4b0d-967c-83c049ccee2e	CIÊNCIAS CONTÁBEIS (CAMPUS ITABAIANA)	2025-12-25 21:03:57.443	2025-12-25 21:03:57.443	644cfe95-deef-4319-8b92-66001815fddb	2.5	2	2.5	1	2	400	400	400	400	400
e47962bc-4759-4cce-bc64-21c7e751ab28	FÍSICA (CAMPUS ITABAIANA)	2025-12-25 21:03:57.445	2025-12-25 21:03:57.445	644cfe95-deef-4319-8b92-66001815fddb	1	1.5	3	3	1.5	400	400	400	400	400
a3d562b9-e19a-4712-a722-51932316aa15	GEOGRAFIA (CAMPUS ITABAIANA)	2025-12-25 21:03:57.447	2025-12-25 21:03:57.447	644cfe95-deef-4319-8b92-66001815fddb	3	2	1.5	1.5	2	400	400	400	400	400
f0e094ea-9c9a-4fae-bdd3-25e46c2c8806	LETRAS - LÍNGUA PORTUGUESA (CAMPUS ITABAIANA)	2025-12-25 21:03:57.448	2025-12-25 21:03:57.448	644cfe95-deef-4319-8b92-66001815fddb	2	3.5	1	1	2.5	400	400	400	400	400
71530989-2c4a-4c93-a2fd-402cea96dcbc	MATEMÁTICA (CAMPUS ITABAIANA)	2025-12-25 21:03:57.45	2025-12-25 21:03:57.45	644cfe95-deef-4319-8b92-66001815fddb	1	1.5	4	2	1.5	400	400	400	400	400
1a7cc5fd-e5a5-4733-8579-3082552f8b36	PEDAGOGIA (CAMPUS ITABAIANA)	2025-12-25 21:03:57.452	2025-12-25 21:03:57.452	644cfe95-deef-4319-8b92-66001815fddb	3	3	1	1	2	400	400	400	400	400
bfb17d89-5c23-43d7-8b5c-c2b072436a91	QUÍMICA (CAMPUS ITABAIANA)	2025-12-25 21:03:57.454	2025-12-25 21:03:57.454	644cfe95-deef-4319-8b92-66001815fddb	1	1.5	2.5	3.5	1.5	400	400	400	400	400
172a5242-295d-44b9-ae1a-5c5c1e37e135	SISTEMAS DE INFORMAÇÃO (CAMPUS ITABAIANA)	2025-12-25 21:03:57.455	2025-12-25 21:03:57.455	644cfe95-deef-4319-8b92-66001815fddb	1	2.5	3.5	1	2	400	400	400	400	400
1a9354d4-2edd-4123-a3a6-bceb58609e2e	ENGENHARIA AGRONÔMICA (CAMPUS SERTÃO)	2025-12-25 21:03:57.458	2025-12-25 21:03:57.458	644cfe95-deef-4319-8b92-66001815fddb	1	1	2	4	2	400	400	400	400	400
e4cc44a8-5b3a-4199-9a20-5c81ab61620d	MEDICINA VETERINÁRIA (CAMPUS SERTÃO)	2025-12-25 21:03:57.459	2025-12-25 21:03:57.459	644cfe95-deef-4319-8b92-66001815fddb	1.5	1.5	2	3	2	400	400	400	400	400
37579a0a-097f-49c9-ba32-8fafdda0c4a8	ZOOTECNIA (CAMPUS SERTÃO)	2025-12-25 21:03:57.461	2025-12-25 21:03:57.461	644cfe95-deef-4319-8b92-66001815fddb	1.5	1.5	2	3	2	400	400	400	400	400
a6fde618-f486-49fc-97d2-adfef864171d	AGROINDÚSTRIA (CAMPUS SERTÃO)	2025-12-25 21:03:57.462	2025-12-25 21:03:57.462	644cfe95-deef-4319-8b92-66001815fddb	1.5	1.5	2	3	2	400	400	400	400	400
9d58a818-5fa1-4fbc-91fe-0afa70318bd9	EDUCAÇÃO DO CAMPO (CAMPUS SERTÃO)	2025-12-25 21:03:57.465	2025-12-25 21:03:57.465	644cfe95-deef-4319-8b92-66001815fddb	3	2	1	2	2	400	400	400	400	400
ea828d5b-621e-4cac-8d6c-c272a4721742	ARQUITETURA E URBANISMO (CAMPUS LARANJEIRAS)	2025-12-25 21:03:57.466	2025-12-25 21:03:57.466	644cfe95-deef-4319-8b92-66001815fddb	2	2	2.5	1	2.5	400	400	400	400	400
1432c021-5cac-4c53-bf90-8de1306f7d3c	DANÇA (CAMPUS LARANJEIRAS)	2025-12-25 21:03:57.468	2025-12-25 21:03:57.468	644cfe95-deef-4319-8b92-66001815fddb	2.5	3.5	1	1	2	400	400	400	400	400
49e4f7fc-7d9c-406a-b90f-b3b4e0783e5b	MUSEOLOGIA (CAMPUS LARANJEIRAS)	2025-12-25 21:03:57.47	2025-12-25 21:03:57.47	644cfe95-deef-4319-8b92-66001815fddb	3.5	2.5	1	1	2	400	400	400	400	400
d32dd6c1-1750-4d5f-afa4-41a258d4a44a	TEATRO (CAMPUS LARANJEIRAS)	2025-12-25 21:03:57.472	2025-12-25 21:03:57.472	644cfe95-deef-4319-8b92-66001815fddb	2.5	3.5	1	1	2	400	400	400	400	400
a61c59d9-0f3d-4db6-aaee-0e3b7b21e622	ADMINISTRAÇÃO	2025-12-25 21:21:05.272	2025-12-25 21:21:05.272	3dc6d32e-9600-44ac-98be-0a758fac1d7f	3	2	2	1	2	400	400	400	400	400
8d958060-f9e0-44dd-818e-5b48277e0b9d	ARQUITETURA E URBANISMO	2025-12-25 21:21:05.279	2025-12-25 21:21:05.279	3dc6d32e-9600-44ac-98be-0a758fac1d7f	2	2	2	1	3	400	400	400	400	400
5cc2b31a-5277-46e6-84f7-4270a1a66ea6	ARQUIVOLOGIA	2025-12-25 21:21:05.282	2025-12-25 21:21:05.282	3dc6d32e-9600-44ac-98be-0a758fac1d7f	3	3	1	1	2	400	400	400	400	400
ada7e5ee-5b4d-43fe-ab60-c450c6be36b0	ARTES CÊNICAS - INTERPRETAÇÃO TEATRAL	2025-12-25 21:21:05.285	2025-12-25 21:21:05.285	3dc6d32e-9600-44ac-98be-0a758fac1d7f	2	3	1	1	3	400	400	400	400	400
d40d14c6-3807-4078-b832-a183cec34588	ABI - ARTES PLÁSTICAS - DIURNO	2025-12-25 21:21:05.287	2025-12-25 21:21:05.287	3dc6d32e-9600-44ac-98be-0a758fac1d7f	2	3	1	1	3	400	400	400	400	400
755596db-f03e-4662-9c47-4d65fab4d7d4	ABI - ARTES PLÁSTICAS - NOTURNO	2025-12-25 21:21:05.289	2025-12-25 21:21:05.289	3dc6d32e-9600-44ac-98be-0a758fac1d7f	2	3	1	1	3	400	400	400	400	400
bd20d1af-03d5-4882-a177-bd745c594131	BIBLIOTECONOMIA E DOCUMENTAÇÃO	2025-12-25 21:21:05.291	2025-12-25 21:21:05.291	3dc6d32e-9600-44ac-98be-0a758fac1d7f	3	3	1	1	2	400	400	400	400	400
b136bc4c-60a6-46f7-9844-10feb84b2028	BIOTECNOLOGIA	2025-12-25 21:21:05.293	2025-12-25 21:21:05.293	3dc6d32e-9600-44ac-98be-0a758fac1d7f	1	2	2	2	3	400	400	400	400	400
558e07fa-4604-49b9-b66c-a0c09d085ecb	CANTO	2025-12-25 21:21:05.294	2025-12-25 21:21:05.294	3dc6d32e-9600-44ac-98be-0a758fac1d7f	2	3	1	1	3	400	400	400	400	400
03e1f478-a490-4825-afbf-4c0897602a1c	CIÊNCIA DA COMPUTAÇÃO	2025-12-25 21:21:05.295	2025-12-25 21:21:05.295	3dc6d32e-9600-44ac-98be-0a758fac1d7f	1	2	4	1	2	400	400	400	400	400
02b8f1fd-455d-44dc-8f70-a425585125ca	ABI - CIÊNCIAS BIOLÓGICAS	2025-12-25 21:21:05.297	2025-12-25 21:21:05.297	3dc6d32e-9600-44ac-98be-0a758fac1d7f	1	2	1	3	3	400	400	400	400	400
29f07b30-d790-4790-9fce-07086c4e891d	CIÊNCIAS CONTÁBEIS - DIURNO	2025-12-25 21:21:05.298	2025-12-25 21:21:05.298	3dc6d32e-9600-44ac-98be-0a758fac1d7f	2	2	3	1	2	400	400	400	400	400
12f5b7f5-68a6-4202-ba76-9479873f64fc	CIÊNCIAS CONTÁBEIS - NOTURNO	2025-12-25 21:21:05.3	2025-12-25 21:21:05.3	3dc6d32e-9600-44ac-98be-0a758fac1d7f	2	2	3	1	2	400	400	400	400	400
d8cf545a-257b-44b3-a363-61e439012ca8	CIÊNCIAS ECONÔMICAS	2025-12-25 21:21:05.301	2025-12-25 21:21:05.301	3dc6d32e-9600-44ac-98be-0a758fac1d7f	2	2	3	1	2	400	400	400	400	400
5b13b64c-847c-4309-95c2-62de0b4d5e56	ABI - CIÊNCIAS SOCIAIS	2025-12-25 21:21:05.303	2025-12-25 21:21:05.303	3dc6d32e-9600-44ac-98be-0a758fac1d7f	3	3	1	1	2	400	400	400	400	400
6effcb9b-53e5-42d6-bdc8-aeeecdc5223d	CINEMA E AUDIOVISUAL	2025-12-25 21:21:05.304	2025-12-25 21:21:05.304	3dc6d32e-9600-44ac-98be-0a758fac1d7f	2	3	1	1	3	400	400	400	400	400
097b30df-045b-4521-82ba-42f4165f7593	COMPOSIÇÃO E REGÊNCIA	2025-12-25 21:21:05.307	2025-12-25 21:21:05.307	3dc6d32e-9600-44ac-98be-0a758fac1d7f	2	3	1	1	3	400	400	400	400	400
d76d7339-657e-4ba5-8b9a-3107ec12f073	DANÇA	2025-12-25 21:21:05.308	2025-12-25 21:21:05.308	3dc6d32e-9600-44ac-98be-0a758fac1d7f	2	3	1	1	3	400	400	400	400	400
ae2a8aa7-6e20-4eea-8f28-22d72bf0370b	DESIGN	2025-12-25 21:21:05.31	2025-12-25 21:21:05.31	3dc6d32e-9600-44ac-98be-0a758fac1d7f	2	2	2	1	3	400	400	400	400	400
66783f54-0fec-466c-b9b9-7d7620e778c7	DIREITO - DIURNO	2025-12-25 21:21:05.312	2025-12-25 21:21:05.312	3dc6d32e-9600-44ac-98be-0a758fac1d7f	2.5	3	1	1	2.5	400	400	400	400	400
976e3d8c-49bc-4c7a-97e6-aa63a41611b6	DIREITO - NOTURNO	2025-12-25 21:21:05.314	2025-12-25 21:21:05.314	3dc6d32e-9600-44ac-98be-0a758fac1d7f	2.5	3	1	1	2.5	400	400	400	400	400
c4d44e39-4dfb-4096-b312-56d039cd1ad5	LICENCIATURA EM EDUCAÇÃO FÍSICA	2025-12-25 21:21:05.316	2025-12-25 21:21:05.316	3dc6d32e-9600-44ac-98be-0a758fac1d7f	2	3	1	2	2	400	400	400	400	400
6acebab7-be62-4854-9beb-6f22b7c2b890	ENFERMAGEM	2025-12-25 21:21:05.317	2025-12-25 21:21:05.317	3dc6d32e-9600-44ac-98be-0a758fac1d7f	1	2	1	3	3	400	400	400	400	400
fb207c0f-68c8-43ae-97b6-6dafe56a5853	ABI - ENGENHARIA	2025-12-25 21:21:05.32	2025-12-25 21:21:05.32	3dc6d32e-9600-44ac-98be-0a758fac1d7f	1	1	4	2	2	400	400	400	400	400
b0b73c0f-1f57-403f-8dfb-592663f1a8a4	ESTATÍSTICA	2025-12-25 21:21:05.321	2025-12-25 21:21:05.321	3dc6d32e-9600-44ac-98be-0a758fac1d7f	1	2	4	1	2	400	400	400	400	400
0fee90ac-7034-40c5-9d58-368efc92a2c3	ESTUDOS DE GÊNERO E DIVERSIDADE	2025-12-25 21:21:05.323	2025-12-25 21:21:05.323	3dc6d32e-9600-44ac-98be-0a758fac1d7f	4	2	1	1	2	400	400	400	400	400
4911c082-23b7-4a36-bdc3-9f720618ecd2	FARMÁCIA - DIURNO	2025-12-25 21:21:05.325	2025-12-25 21:21:05.325	3dc6d32e-9600-44ac-98be-0a758fac1d7f	1	2	2	2	3	400	400	400	400	400
d03a7d0b-f058-448e-a8e0-4cbd9a2e77d0	FARMÁCIA - NOTURNO	2025-12-25 21:21:05.328	2025-12-25 21:21:05.328	3dc6d32e-9600-44ac-98be-0a758fac1d7f	1	2	2	2	3	400	400	400	400	400
4df93d06-2794-4e90-91ba-957cfef05e7b	ABI - FILOSOFIA	2025-12-25 21:21:05.33	2025-12-25 21:21:05.33	3dc6d32e-9600-44ac-98be-0a758fac1d7f	3	2	1	1	3	400	400	400	400	400
ffea94a8-148b-4e3b-8a4f-0adf5849cdae	ABI - FÍSICA	2025-12-25 21:21:05.331	2025-12-25 21:21:05.331	3dc6d32e-9600-44ac-98be-0a758fac1d7f	1	2	4	1	2	400	400	400	400	400
21d84834-11fc-4f73-bea8-5c1d4d5f12ae	FISIOTERAPIA	2025-12-25 21:21:05.333	2025-12-25 21:21:05.333	3dc6d32e-9600-44ac-98be-0a758fac1d7f	2	2	1	3	2	400	400	400	400	400
6f6f1e1a-3ae1-40a0-87ee-b156c79c03df	FONOAUDIOLOGIA	2025-12-25 21:21:05.336	2025-12-25 21:21:05.336	3dc6d32e-9600-44ac-98be-0a758fac1d7f	1	3	1	2	3	400	400	400	400	400
69ac1667-9a63-498b-8027-059558111e92	GASTRONOMIA	2025-12-25 21:21:05.338	2025-12-25 21:21:05.338	3dc6d32e-9600-44ac-98be-0a758fac1d7f	2.5	2.5	1.5	1	2.5	400	400	400	400	400
99790fa1-6a6d-4b55-8c82-7bda171784fa	ABI - GEOGRAFIA	2025-12-25 21:21:05.34	2025-12-25 21:21:05.34	3dc6d32e-9600-44ac-98be-0a758fac1d7f	3	2	2	1	2	400	400	400	400	400
a85f931e-25c2-4fc7-89ef-a72ab362acd5	GEOLOGIA	2025-12-25 21:21:05.342	2025-12-25 21:21:05.342	3dc6d32e-9600-44ac-98be-0a758fac1d7f	1	2	2	3	2	400	400	400	400	400
530e3297-5fd3-445d-8a6d-0c8ee35385c6	ABI - HISTÓRIA	2025-12-25 21:21:05.344	2025-12-25 21:21:05.344	3dc6d32e-9600-44ac-98be-0a758fac1d7f	3	3	1	1	2	400	400	400	400	400
b18c078a-483d-4e3e-8081-560aeb68f8cf	INSTRUMENTO	2025-12-25 21:21:05.346	2025-12-25 21:21:05.346	3dc6d32e-9600-44ac-98be-0a758fac1d7f	2	3	1	1	3	400	400	400	400	400
63774d87-f1f1-4d85-89ce-ae14fe5d486e	JORNALISMO	2025-12-25 21:21:05.348	2025-12-25 21:21:05.348	3dc6d32e-9600-44ac-98be-0a758fac1d7f	2	3	1	1	3	400	400	400	400	400
22989b9d-3c7b-46e6-96e9-d1cc1ab890b0	ABI - LETRAS VERNÁCULAS - MATUTINO	2025-12-25 21:21:05.35	2025-12-25 21:21:05.35	3dc6d32e-9600-44ac-98be-0a758fac1d7f	2	3	1	1	3	400	400	400	400	400
8df4fb82-1618-4cab-b505-006dfd112845	ABI - LETRAS VERNÁCULAS - NOTURNO	2025-12-25 21:21:05.351	2025-12-25 21:21:05.351	3dc6d32e-9600-44ac-98be-0a758fac1d7f	2	3	1	1	3	400	400	400	400	400
7519cba1-d3e9-46ff-a98e-7e8935220872	ABI - LETRAS VERNÁCULAS E LÍNGUA ESTRANGEIRA MODERNA	2025-12-25 21:21:05.352	2025-12-25 21:21:05.352	3dc6d32e-9600-44ac-98be-0a758fac1d7f	2	3	1	1	3	400	400	400	400	400
150afec1-84e6-4dd0-aad2-6f1956a7f6ed	LETRAS - LÍNGUA ESTRANGEIRA MODERNA OU CLÁSSICA	2025-12-25 21:21:05.353	2025-12-25 21:21:05.353	3dc6d32e-9600-44ac-98be-0a758fac1d7f	2	3	1	1	3	400	400	400	400	400
5aa89885-532d-47ab-976a-1de550c02a62	ABI - LÍNGUA ESTRANGEIRA	2025-12-25 21:21:05.355	2025-12-25 21:21:05.355	3dc6d32e-9600-44ac-98be-0a758fac1d7f	2	3	1	1	3	400	400	400	400	400
e4a8fe59-0aae-4aca-94ad-7e3098e84da2	MATEMÁTICA	2025-12-25 21:21:05.356	2025-12-25 21:21:05.356	3dc6d32e-9600-44ac-98be-0a758fac1d7f	1	2	4	1	2	400	400	400	400	400
a11b9224-c99c-4c01-81c8-9da59b38728c	MEDICINA	2025-12-25 21:21:05.357	2025-12-25 21:21:05.357	3dc6d32e-9600-44ac-98be-0a758fac1d7f	1	2	1	3	3	400	400	400	400	400
1dc1a375-eff5-4cd0-ae14-087946b5d8d6	MEDICINA VETERINÁRIA	2025-12-25 21:21:05.358	2025-12-25 21:21:05.358	3dc6d32e-9600-44ac-98be-0a758fac1d7f	1	2	2	2	3	400	400	400	400	400
ec3a9c82-9c88-43e6-98a6-f0c1d323aa0c	MUSEOLOGIA	2025-12-25 21:21:05.359	2025-12-25 21:21:05.359	3dc6d32e-9600-44ac-98be-0a758fac1d7f	3	2	1	1	3	400	400	400	400	400
94d8dc18-e8d3-438d-a8e2-ee9dbc1d98fd	MÚSICA POPULAR	2025-12-25 21:21:05.361	2025-12-25 21:21:05.361	3dc6d32e-9600-44ac-98be-0a758fac1d7f	2	3	1	1	3	400	400	400	400	400
5c524981-67b4-4e53-b047-a2980da11fcc	NUTRIÇÃO	2025-12-25 21:21:05.363	2025-12-25 21:21:05.363	3dc6d32e-9600-44ac-98be-0a758fac1d7f	1	2	1	3	3	400	400	400	400	400
1053073e-72b5-4e77-ab70-4de9db49ad51	OCEANOGRAFIA	2025-12-25 21:21:05.364	2025-12-25 21:21:05.364	3dc6d32e-9600-44ac-98be-0a758fac1d7f	1	2	2	3	2	400	400	400	400	400
2f910045-56cc-4f3c-ad9a-13aa933d9bb9	ODONTOLOGIA	2025-12-25 21:21:05.365	2025-12-25 21:21:05.365	3dc6d32e-9600-44ac-98be-0a758fac1d7f	1	2	1	3	3	400	400	400	400	400
4b7fd702-a49a-4242-ab1c-b0732b82f17a	PEDAGOGIA - DIURNO	2025-12-25 21:21:05.366	2025-12-25 21:21:05.366	3dc6d32e-9600-44ac-98be-0a758fac1d7f	2	3	1	1	3	400	400	400	400	400
94fb0d92-071e-4a2a-bd10-88336f80459b	PEDAGOGIA - NOTURNO	2025-12-25 21:21:05.367	2025-12-25 21:21:05.367	3dc6d32e-9600-44ac-98be-0a758fac1d7f	2	3	1	1	3	400	400	400	400	400
87c13bd0-aed2-4728-9b63-1a06474c4d49	PRODUÇÃO CULTURAL	2025-12-25 21:21:05.369	2025-12-25 21:21:05.369	3dc6d32e-9600-44ac-98be-0a758fac1d7f	2	3	1	1	3	400	400	400	400	400
8a073865-e7b9-4d70-bb86-01bc2453c4ae	PSICOLOGIA	2025-12-25 21:21:05.37	2025-12-25 21:21:05.37	3dc6d32e-9600-44ac-98be-0a758fac1d7f	3	2	1	1	3	400	400	400	400	400
2bad5c50-ec4d-4c53-ad98-9f2d60b57f5a	ABI - QUÍMICA	2025-12-25 21:21:05.372	2025-12-25 21:21:05.372	3dc6d32e-9600-44ac-98be-0a758fac1d7f	1	1	3	3	2	400	400	400	400	400
da554efc-cff8-4ef6-851c-a682ead7905d	SAÚDE COLETIVA - DIURNO	2025-12-25 21:21:05.374	2025-12-25 21:21:05.374	3dc6d32e-9600-44ac-98be-0a758fac1d7f	2.5	2.5	1.5	1	2.5	400	400	400	400	400
bc719853-bf71-41ac-b031-1cea67b4265f	SAÚDE COLETIVA - NOTURNO	2025-12-25 21:21:05.376	2025-12-25 21:21:05.376	3dc6d32e-9600-44ac-98be-0a758fac1d7f	2.5	2.5	1.5	1	2.5	400	400	400	400	400
9163dfd4-ff7d-4e16-8dfc-28b4786bf2a8	SECRETARIADO EXECUTIVO	2025-12-25 21:21:05.378	2025-12-25 21:21:05.378	3dc6d32e-9600-44ac-98be-0a758fac1d7f	2	3	1	1	3	400	400	400	400	400
c8fa6923-fe91-4c11-8443-b33ebff8446c	SERVIÇO SOCIAL	2025-12-25 21:21:05.38	2025-12-25 21:21:05.38	3dc6d32e-9600-44ac-98be-0a758fac1d7f	3	3	1	1	2	400	400	400	400	400
fafa60f8-d7bd-4e26-b677-64605ac46de3	SISTEMAS DE INFORMAÇÃO	2025-12-25 21:21:05.381	2025-12-25 21:21:05.381	3dc6d32e-9600-44ac-98be-0a758fac1d7f	1	2	4	1	2	400	400	400	400	400
5a514589-b31f-4428-9cdb-1c89187127f6	ZOOTECNIA	2025-12-25 21:21:05.383	2025-12-25 21:21:05.383	3dc6d32e-9600-44ac-98be-0a758fac1d7f	1	2	2	2	3	400	400	400	400	400
a9502f14-84ae-4ddb-90ce-35b530e8107b	BACHARELADO INTERDISCIPLINAR EM ARTES - DIURNO	2025-12-25 21:21:05.385	2025-12-25 21:21:05.385	3dc6d32e-9600-44ac-98be-0a758fac1d7f	2.5	2.5	1.5	1	2.5	400	400	400	400	400
6a14b3a3-cb26-494d-80d5-2fa7f672c6c1	BACHARELADO INTERDISCIPLINAR EM ARTES - NOTURNO	2025-12-25 21:21:05.386	2025-12-25 21:21:05.386	3dc6d32e-9600-44ac-98be-0a758fac1d7f	2.5	2.5	1.5	1	2.5	400	400	400	400	400
6881358b-fa09-4ca1-95f6-0ebe41b7c5c8	BACHARELADO INTERDISCIPLINAR EM CIÊNCIA E TECNOLOGIA - DIURNO	2025-12-25 21:21:05.387	2025-12-25 21:21:05.387	3dc6d32e-9600-44ac-98be-0a758fac1d7f	1	2	3	2	2	400	400	400	400	400
aba8812f-11d1-44bb-b3e1-6340591de14a	BACHARELADO INTERDISCIPLINAR EM CIÊNCIA E TECNOLOGIA - NOTURNO	2025-12-25 21:21:05.389	2025-12-25 21:21:05.389	3dc6d32e-9600-44ac-98be-0a758fac1d7f	1	2	3	2	2	400	400	400	400	400
0190682f-e7d1-47dd-88cb-5315398152d9	BACHARELADO INTERDISCIPLINAR EM HUMANIDADES - DIURNO	2025-12-25 21:21:05.391	2025-12-25 21:21:05.391	3dc6d32e-9600-44ac-98be-0a758fac1d7f	2	3	1	1	3	400	400	400	400	400
d6cb3d4c-cf05-475b-a9a0-8d9916308876	BACHARELADO INTERDISCIPLINAR EM HUMANIDADES - NOTURNO	2025-12-25 21:21:05.393	2025-12-25 21:21:05.393	3dc6d32e-9600-44ac-98be-0a758fac1d7f	2	3	1	1	3	400	400	400	400	400
cadc4219-8a3b-41dc-bbf7-78d24b68979b	BACHARELADO INTERDISCIPLINAR EM SAÚDE - DIURNO	2025-12-25 21:21:05.394	2025-12-25 21:21:05.394	3dc6d32e-9600-44ac-98be-0a758fac1d7f	2	2	1	2	3	400	400	400	400	400
49d6cbb3-78e1-4c48-aab2-cc86572cb822	BACHARELADO INTERDISCIPLINAR EM SAÚDE - NOTURNO	2025-12-25 21:21:05.396	2025-12-25 21:21:05.396	3dc6d32e-9600-44ac-98be-0a758fac1d7f	2	2	1	2	3	400	400	400	400	400
d1ccbb8b-9117-48eb-81c4-4e09c6b9e766	ENGENHARIA DE AGRIMENSURA E CARTOGRÁFICA	2025-12-25 21:21:05.398	2025-12-25 21:21:05.398	3dc6d32e-9600-44ac-98be-0a758fac1d7f	1	1	4	2	2	400	400	400	400	400
\.


--
-- Data for Name: CutOff; Type: TABLE DATA; Schema: public; Owner: docker
--

COPY public."CutOff" (id, "courseId", year) FROM stdin;
fcfaf28c-c867-420f-9a9a-79d1aedff146	8ab7c181-e802-4436-948d-65dd5e95f91b	2025
925868c8-2eb0-4818-b8af-469082715e8c	8186ad5d-2a3f-451a-a24a-5674cb53977e	2024
bfd1cce7-6edc-456e-8d4c-15a542410719	92d235d5-b98c-4b4f-8b6e-935bcb966bcc	2024
1f0ea333-7206-4b32-9508-330e3c453d2c	f58745c8-b438-44b1-9d7d-2ca404be6e51	2024
d9650a9b-0a31-41fc-a5ef-248f9f02ea41	807ef1ff-cb62-45e1-a49a-51edd4730d4c	2024
43fd9703-0095-4669-8585-4d62bbe80fa7	44d419fc-6bdf-4373-be8a-25665f0caa0a	2024
70ca01fe-d8c9-40e1-9425-0d1f6a9a2c6a	559771e0-6d1c-4788-98bf-fb8c4ee4ac2d	2024
864ac27f-3730-4a96-a5f8-cbb9e1add104	213b6b4d-ba7a-4502-b72c-9b2e484765eb	2024
3096934c-bcc4-411a-af86-f0c129ebaa22	58d1d736-1a8c-473d-b82b-990392931776	2024
f4c4befa-0c90-4f8e-afd1-665c30a24ebb	cf16352c-4ca5-4cb2-9dc4-c7ec20843d21	2024
d53297e8-da1e-419c-a63d-8d266ef40946	8b3db483-00e0-414f-8042-4b9a3ece27c4	2024
4cde6e0f-08fa-4527-99d6-032ea2d486ae	1b71baf5-bbc9-4afd-b104-df9044685f8b	2024
37d47f63-9bf5-4702-8c3b-7e99a4baa4a7	911c12f4-4c97-4ca8-9a78-062395e76ff5	2024
2d166d13-b571-4bb7-ba2e-fd8aa38081bd	ec7ef52e-aea7-434f-9a5d-1f392f9149f6	2024
a7a2c21e-53a3-4e7c-87d0-42f54848b875	cf6eefb1-60e9-4866-aa8d-5ae5db5d3640	2024
f181751f-3677-43de-aa18-f8ce196b2a8d	88eda2b3-0053-432b-a488-693245e017a0	2024
81fc3c05-3109-40c6-8b8f-bf902f529d4f	29324102-9bdb-411a-a08d-f54a12ebc10e	2024
beca685d-f776-4120-8621-3fba55b41ad0	3353bf47-a848-40a8-966a-a5e64ef1211c	2024
c92d5fa0-850b-4d3b-ace5-376dde9f3954	8ab7c181-e802-4436-948d-65dd5e95f91b	2024
f02f9e9f-f1bc-4dd1-877d-c9f885083db8	ab17d6be-e08c-4bc8-ac00-65a00af1c3a7	2024
720ee282-2873-4e30-8872-96a432740f13	638b7e89-1d10-4350-b6e5-b0aab4b3c0bd	2024
0a8b6c03-98b8-44c9-b947-54eab2f90c82	2e6935be-7880-4032-839e-c8daeeb92350	2024
12fd0f8d-52a7-4505-b4ce-9d49c57a8b46	e4cc44a8-5b3a-4199-9a20-5c81ab61620d	2024
a1084822-f743-4ab6-9c3d-acc45999ed46	ea828d5b-621e-4cac-8d6c-c272a4721742	2024
576b5f60-9327-45c4-84cc-2a2e2835f341	35327d51-15cc-4754-891f-b9deb2b27448	2024
5ea29419-af1e-418a-9cb2-3bda8af2b154	4b9423a2-a6b0-465a-a42b-bf4ed3097726	2024
7d395dc7-44fa-4ae3-9fc8-4eb11c166daf	a2534bae-085d-4052-9166-8d194d0261c8	2024
18f49e7e-b26e-4655-a839-6d7abe7cde35	cd45ee32-08e5-4400-bb15-80b00e35c175	2024
5fb69ff9-a2c2-4e2b-86c5-8500f5fccb37	df9e946f-03da-4fd9-b311-1e026b9a8f2f	2024
565077aa-7a02-4b5d-888d-cf12027dade2	051d07ea-ac30-4ba8-90ad-c66cd2fceef0	2024
a4337847-4bee-4039-8f27-ee4c0a248003	73295d6a-5046-4df4-9b08-2c22313543f2	2024
0695416e-920b-4b1d-9cd7-7adaf31fbc99	3a4962e0-662d-4e71-b12d-393443c1e5a4	2024
e7fc7a6c-20dd-42d0-b100-34f7d4153f70	a91bd585-e471-4442-9a6b-e0762dcd6594	2024
89ad0c70-c506-489e-9301-da4875a64133	e65b951c-a560-499b-a303-bd06f08c1db1	2024
00085810-0e5b-464b-bb63-9bc97d59c4da	afabda09-2756-436e-a8c6-c42bed1a272f	2024
4416d0d2-94db-43b3-90d9-88411579c1b8	37579a0a-097f-49c9-ba32-8fafdda0c4a8	2024
18117c59-d573-4de9-ab7d-56352700bfd8	cd48e7a1-da13-485a-b7c4-32c9a49d41f9	2024
911e4721-31b3-4b0b-b05f-3384e43da715	a31b9771-c493-48c5-a080-82c8199539c3	2024
769fa554-cc3d-46ba-b52c-1d544c97b4a7	bcd5460f-af48-4cd8-b84a-4ff4f1d169c4	2024
05e4bcc4-8abd-45da-9e75-e6b8c72fcbc4	6207ef4d-e2ea-4c04-80e1-0bc612e0b649	2024
a244b672-c866-4b71-b061-95e0f17df92f	2247ed0f-4952-4d5f-b9ad-a95ee9177e00	2024
9503d95a-82a6-4fe8-a73f-5f20fbc39c37	f35f5673-fa71-46f7-9f08-d55bb4ccfc41	2024
24b7a5a2-ad0c-4072-b54a-f447291f43cc	5a0bda81-98d9-452e-9210-c418cc362418	2024
2b1d6541-0604-45f4-808a-78718c3bb181	89f419e3-645f-4f95-8445-1c682d44c264	2024
5fd3f0dc-9a21-45c4-b872-34563c9a142b	5c7df231-da04-4c6f-87b7-59e1b069b994	2024
4b6d64d4-04bf-43a0-b2a2-bbd861eb8f57	172a5242-295d-44b9-ae1a-5c5c1e37e135	2024
87ce356b-9f9f-4050-a88a-00924ee783cf	db312403-8627-42b1-8a32-cf2b9a97ed66	2024
fca440a2-046a-419b-82c9-0569e8dbf7fa	1da46106-2909-4e9b-a254-a76a126ea767	2024
71e53d26-3c0c-4f7e-8830-e00ad0783467	857352da-765a-41e8-b034-cf39ee80361f	2024
8c6a17c8-1b73-4835-a323-e36e002449a9	a19ecf75-9eae-4769-a730-606f57a5b73d	2024
2f19e5a6-31f6-4ac1-a2b1-5d6d914bddb0	174ee95d-cc0e-46b2-a035-0d0b76eae195	2024
7add4f25-26d0-4808-a900-4ca92aa03a86	886745f0-b731-4f1a-95b4-8dcf8ebfb45a	2024
8334971a-0b48-4058-b405-cb815622cdb5	35c9d07d-bb4e-4c4b-a51a-966f7f70b6fc	2024
49ec878a-41a9-44be-be56-8e3acbedb85f	0c178ab9-c19e-42b1-9433-e3f14337c5ca	2024
8c900e1c-bba6-4532-b86d-cc8bd536f4b4	0fe46535-7a46-4deb-ae09-0b341f42f6cf	2024
eb360d47-f3c5-49f9-979f-76eda4057db0	99254b7f-e3fb-44f7-93e5-96aa0c710704	2024
517b9ac7-644c-4796-9786-742a52549ff9	cb49f566-bba4-4089-b50b-552f533aaa03	2024
bfd1490e-16c4-48c7-a2f5-141e5acc0d90	320b8627-ea15-4477-9d42-53df91fdbe7a	2024
d64f8d28-ab14-4aab-85d5-225902f6dfd3	7d047e8e-9d80-49bb-ac7f-24ae08a1b651	2024
af121920-9612-45b4-995d-38a74a443cb6	3ef30602-8054-4fcb-b340-5209d8c534ab	2024
9324b6d6-5379-4032-96b3-11ebd5253269	7a2dee03-cdc7-42cf-89c4-2ea589566f82	2024
7a282a80-6397-478c-898f-2900526b16ca	318484d0-15a4-46d7-929c-988417a333b4	2024
77830131-5894-4852-a206-7a87d3979417	4cfeb68f-b761-4794-8986-c494dc2cbe45	2024
b56d8682-82c1-4751-9859-f1054257ab49	84e66b55-792b-44dc-8de9-c77fda7d9ab3	2024
91a0d11a-f99c-4a4c-8dd7-2c6e2f6c7715	cd25a18b-0eb6-4d9c-bedc-a7536b7a7526	2024
6aebde66-b34d-4c0b-9198-1a966622848d	c5ec34a4-f0d8-453e-b2d7-324866474b90	2024
ee188ebf-303e-4cd1-af4e-8cd30ad4f7cc	f57653b5-0346-4e73-a16f-013cbb57c67f	2024
64b74d4a-e537-4c5d-9651-0e9c5490cf19	9499e1a7-faab-4d0c-a233-02343308b299	2024
8eadc27b-ceee-42c3-95fc-f1fe92d3d530	45e7db83-6fb4-41cc-bdc4-35d68a81d73b	2024
c624929c-e7d4-4062-9dc1-d0ff6546edd3	3271a8a4-8932-4ac5-9aa1-187f82562431	2024
4404ab32-10eb-4a43-9d3f-25e27e942097	69e82758-2ab3-4d98-9cd4-755dc7004241	2024
1567930b-728d-4234-a507-4469be983ee5	3f18b3db-d424-4ff6-ab51-3cf53f6a435d	2024
aa01b73c-2c6c-4404-ba9f-e65f2cf55197	910dfa72-06ea-49d1-9967-e54ae2d6af9c	2024
756e57c5-215d-410f-b7a3-4afb965753d7	8141ab32-0b98-4400-888f-ad1cbe79b5d1	2024
8ef56fa9-7984-43dd-98c4-75dc95bfae85	c9978694-dcef-434c-b384-f5d905695dd5	2024
f31dffb7-3c45-40db-a55a-b67f9baeee7b	8a203d3b-517d-4d9b-9c5e-aea4aa047d46	2024
56575c44-75f2-4281-aaaf-8e8d4dcce60d	97a0554f-32ce-401d-bceb-3d439832fca7	2024
30f61b46-0da5-4850-9316-b3504bea1703	f94ab045-6aa8-4fed-9197-38d6482eee9c	2024
f68d4170-8844-465a-b6b7-986dfcac47b9	6ad2cc7b-c082-44be-9b18-bbdc8e071c64	2024
842ef384-9786-4e1d-82a4-8bdc71525a32	1c00150e-c291-45d7-ba7c-0bc109915e7a	2024
8ad84254-1882-4c3a-9e8b-675c9b2214f8	0e7df71c-65a0-413a-94e2-d94b4a37d9f8	2024
31cd3f2b-b1f9-4043-b41a-a26f891f657c	2ca09ff3-d47e-4935-8d3c-599247bd3f9e	2024
ec9a0b6b-ae15-4081-9223-ec232865681d	a527e03f-7055-491f-bd72-2d4e7cdf495f	2024
a9eda1b3-65f6-4608-9dee-65f1cea66c92	c9c2600d-ae9b-403c-8178-fcd30d79516f	2024
3e6cccf2-6155-401f-bbdf-5bf472434507	06de32b4-9b96-4f85-81c0-4939779f3ad8	2024
b29465e2-7049-4421-9f1f-36da2fc6e5f8	7fe5b607-90d8-4d1c-8f6c-184d82465ed4	2024
ea1a21ad-a3e9-476a-ac86-d71f306b8257	a271ab78-2cb4-4bea-9e6c-c47ab02a5ba4	2024
0683c30a-332e-4ccd-adaa-7d7ae3f47d73	27f7aa77-da2c-4a3a-93c9-7758f1649b17	2024
b528f6c7-04b7-45aa-84cc-d1c4bc830d40	4e262c9e-7a1c-4dd0-8286-37770a4635e8	2024
b12e5987-e69a-48f1-8d52-0b5de7dfe08f	cbee5523-2852-471c-8933-cbbcdd89997e	2024
b4188ef0-08d0-4615-8149-63bd2446c696	e66bb798-c44b-4b0d-967c-83c049ccee2e	2024
7bcbf637-d402-40c9-ad78-a8c3336d8f24	e47962bc-4759-4cce-bc64-21c7e751ab28	2024
59e64972-3a79-4eba-89d3-9e48825110db	a3d562b9-e19a-4712-a722-51932316aa15	2024
ab38bc2a-4d8b-4fee-8d6f-d0d176339c75	f0e094ea-9c9a-4fae-bdd3-25e46c2c8806	2024
514c43f4-de36-49cf-8238-a07f2d84a873	71530989-2c4a-4c93-a2fd-402cea96dcbc	2024
02a1f989-61a4-4925-bc53-ef9b60c3c209	1a7cc5fd-e5a5-4733-8579-3082552f8b36	2024
fddca971-46f2-4f2f-a003-53bf98922fa6	bfb17d89-5c23-43d7-8b5c-c2b072436a91	2024
bf59b8ad-a825-430e-b4e1-2a55e9709ef4	a6fde618-f486-49fc-97d2-adfef864171d	2024
f555a087-dedc-4677-923c-7cd75f247541	9d58a818-5fa1-4fbc-91fe-0afa70318bd9	2024
f5008480-6f1e-4b2c-af3d-3f6a634e5e89	1432c021-5cac-4c53-bf90-8de1306f7d3c	2024
bafaa898-88a1-4e34-a3d1-dee9363e2a7f	49e4f7fc-7d9c-406a-b90f-b3b4e0783e5b	2024
40555340-cd98-4266-a91f-622cabf7c1d2	d32dd6c1-1750-4d5f-afa4-41a258d4a44a	2024
b5ba70b6-85ec-4781-983a-61d07b591cc8	1a9354d4-2edd-4123-a3a6-bceb58609e2e	2024
\.


--
-- Data for Name: CutOffCategory; Type: TABLE DATA; Schema: public; Owner: docker
--

COPY public."CutOffCategory" (id, "cutOffId", name, score) FROM stdin;
1342e5ad-01dc-45ef-a5ab-e34ee4bb63a8	fcfaf28c-c867-420f-9a9a-79d1aedff146	Ampla Concorrência	665.3
4cc92a30-18d2-4d66-978d-5bf34c1e4254	fcfaf28c-c867-420f-9a9a-79d1aedff146	Escola Pública - Independente de Renda	661.75
b281fc64-f73f-4777-926e-9a180ba1398e	fcfaf28c-c867-420f-9a9a-79d1aedff146	Escola Pública - PPI (Pretos, Pardos, Indígenas) - Indep. Renda	591.01
10088740-c65f-444b-9932-0f77ffc8ba56	fcfaf28c-c867-420f-9a9a-79d1aedff146	Escola Pública - Baixa Renda	620
27b56615-8e9f-443f-877b-dd77a34c217a	fcfaf28c-c867-420f-9a9a-79d1aedff146	Escola Pública - PPI - Baixa Renda	526
9420f09c-7450-43a5-9242-3898d458cad3	925868c8-2eb0-4818-b8af-469082715e8c	Ampla Concorrência	648.12
f019da4e-6f48-4a51-8b23-90e2adb8ed45	925868c8-2eb0-4818-b8af-469082715e8c	Escola Pública - Independente de Renda	635.4
bd05827f-7cc9-499b-bc36-0404b13d470d	925868c8-2eb0-4818-b8af-469082715e8c	Escola Pública - PPI - Indep. Renda	595.2
0fac7ca9-d1ad-49f3-b562-e084dc337c78	925868c8-2eb0-4818-b8af-469082715e8c	Escola Pública - Baixa Renda	615.1
5b5f2aa0-17b1-4081-8fd7-91a62e321c94	925868c8-2eb0-4818-b8af-469082715e8c	Escola Pública - PPI - Baixa Renda	570.5
41ea3a70-94f2-4b4b-9ce0-2294f11ac860	bfd1cce7-6edc-456e-8d4c-15a542410719	Ampla Concorrência	638.5
509ba774-2c8d-4285-bd47-3d1d4b4ac7ef	bfd1cce7-6edc-456e-8d4c-15a542410719	Escola Pública - Independente de Renda	628.1
fbb3bb94-25e5-4a7f-b656-5206da32ad64	bfd1cce7-6edc-456e-8d4c-15a542410719	Escola Pública - PPI - Indep. Renda	585.3
54776746-1ee5-495c-ae0a-6024c5de5c03	bfd1cce7-6edc-456e-8d4c-15a542410719	Escola Pública - Baixa Renda	610.4
e4f1d873-9e5b-4572-972a-3e9e6e7d8b25	bfd1cce7-6edc-456e-8d4c-15a542410719	Escola Pública - PPI - Baixa Renda	560.8
4e8cb250-4ca4-4990-a5d1-0785a6ce8d35	1f0ea333-7206-4b32-9508-330e3c453d2c	Ampla Concorrência	585.3
0a1aeb35-f46a-4834-b12d-15ac565377fd	1f0ea333-7206-4b32-9508-330e3c453d2c	Escola Pública - Independente de Renda	575.1
de5ab37c-01ae-4b73-b8c5-a15c1ac67f8b	1f0ea333-7206-4b32-9508-330e3c453d2c	Escola Pública - PPI - Indep. Renda	540
ed040a1a-40b6-446d-9771-f24bad7e1a0a	1f0ea333-7206-4b32-9508-330e3c453d2c	Escola Pública - Baixa Renda	560.2
a1945034-212c-48fe-8b7d-b760008c98bf	1f0ea333-7206-4b32-9508-330e3c453d2c	Escola Pública - PPI - Baixa Renda	510.5
8ede5b53-0f90-4ce5-9e3b-f6961d34d433	d9650a9b-0a31-41fc-a5ef-248f9f02ea41	Ampla Concorrência	570.15
ae3d4ff9-f219-4103-8510-3de5d1347e8b	d9650a9b-0a31-41fc-a5ef-248f9f02ea41	Escola Pública - Independente de Renda	565
9f7f9e13-45e2-4d9c-9728-465905aeb166	d9650a9b-0a31-41fc-a5ef-248f9f02ea41	Escola Pública - PPI - Indep. Renda	530.2
f68be883-4b96-47f1-a1be-066904f5bed8	d9650a9b-0a31-41fc-a5ef-248f9f02ea41	Escola Pública - Baixa Renda	550.1
f6bec1b2-7ef3-48f1-8a36-a4ddf00d20c8	d9650a9b-0a31-41fc-a5ef-248f9f02ea41	Escola Pública - PPI - Baixa Renda	505.4
a281700b-b052-407a-9c6f-f827ff798274	43fd9703-0095-4669-8585-4d62bbe80fa7	Ampla Concorrência	652.4
23c8d171-8a1d-4293-a579-520be878cb51	43fd9703-0095-4669-8585-4d62bbe80fa7	Escola Pública - Independente de Renda	640.2
1ab03956-16f5-4002-a2ae-d4481b5c0564	43fd9703-0095-4669-8585-4d62bbe80fa7	Escola Pública - PPI - Indep. Renda	600.5
bd7c07c8-7d18-43fd-86df-57ff33507b28	43fd9703-0095-4669-8585-4d62bbe80fa7	Escola Pública - Baixa Renda	625.3
f85e4f26-ba79-43c0-b807-2fdf77ba1e25	43fd9703-0095-4669-8585-4d62bbe80fa7	Escola Pública - PPI - Baixa Renda	580.1
3e6a0e1d-d2ba-40c6-b521-058da0833ad8	70ca01fe-d8c9-40e1-9425-0d1f6a9a2c6a	Ampla Concorrência	630.8
37d02b7e-f744-471d-8095-065eb3b04c65	70ca01fe-d8c9-40e1-9425-0d1f6a9a2c6a	Escola Pública - Independente de Renda	620.5
003a4523-d52d-414d-b7d2-a4f607331858	70ca01fe-d8c9-40e1-9425-0d1f6a9a2c6a	Escola Pública - PPI - Indep. Renda	580.1
afb278d5-4f09-49d4-999b-cf3d99f733eb	70ca01fe-d8c9-40e1-9425-0d1f6a9a2c6a	Escola Pública - Baixa Renda	605.2
f72c5c2a-e664-4870-8b21-94374ad3ada9	70ca01fe-d8c9-40e1-9425-0d1f6a9a2c6a	Escola Pública - PPI - Baixa Renda	555.4
8bd7058f-861b-49f5-b45b-dd63163df1f0	864ac27f-3730-4a96-a5f8-cbb9e1add104	Ampla Concorrência	742.3
39c5a087-623b-472a-9753-7508117959e2	864ac27f-3730-4a96-a5f8-cbb9e1add104	Escola Pública - Independente de Renda	730.15
435f1fb4-c155-47b6-b597-931149d29a27	864ac27f-3730-4a96-a5f8-cbb9e1add104	Escola Pública - PPI - Indep. Renda	695.4
f59b309c-960b-4dfe-a59a-2ef036a48dcc	864ac27f-3730-4a96-a5f8-cbb9e1add104	Escola Pública - Baixa Renda	710.2
4ecff6a5-0e06-42f6-9cfa-66a04d8ddae5	864ac27f-3730-4a96-a5f8-cbb9e1add104	Escola Pública - PPI - Baixa Renda	680.5
be35cf22-a8f2-443e-bebc-78e5426d56c2	3096934c-bcc4-411a-af86-f0c129ebaa22	Ampla Concorrência	737.8
cd9a1ef4-f148-41ae-8ca7-9d98dd434a64	3096934c-bcc4-411a-af86-f0c129ebaa22	Escola Pública - Independente de Renda	725.5
11612c9b-ade3-4f93-8f8b-58fc0305b0c1	3096934c-bcc4-411a-af86-f0c129ebaa22	Escola Pública - PPI - Indep. Renda	690.1
e56a7b0b-496e-4a91-9f6d-665a4ef74a34	3096934c-bcc4-411a-af86-f0c129ebaa22	Escola Pública - Baixa Renda	705.3
450a2cff-8d9d-4d21-95ca-2570ec0c2378	3096934c-bcc4-411a-af86-f0c129ebaa22	Escola Pública - PPI - Baixa Renda	675.2
436b318a-d9e0-4d5f-8a51-bced46332b0f	f4c4befa-0c90-4f8e-afd1-665c30a24ebb	Ampla Concorrência	712.55
7e2a2973-2e32-4ac8-980f-5466f1ccefd1	f4c4befa-0c90-4f8e-afd1-665c30a24ebb	Escola Pública - Independente de Renda	700.2
812bd5e5-8e4e-47fd-b0a2-6436e18d8c5c	f4c4befa-0c90-4f8e-afd1-665c30a24ebb	Escola Pública - PPI - Indep. Renda	665.4
e5ef4cb6-46c5-41dd-81ab-abe59c448637	f4c4befa-0c90-4f8e-afd1-665c30a24ebb	Escola Pública - Baixa Renda	685.1
f465735b-f1fd-4de6-9a01-dee5e60837fa	f4c4befa-0c90-4f8e-afd1-665c30a24ebb	Escola Pública - PPI - Baixa Renda	650.3
7c425b54-4163-41d1-b7c5-59632d06d912	d53297e8-da1e-419c-a63d-8d266ef40946	Ampla Concorrência	798.45
65bcf41a-47bf-4c34-aec3-51c7fd380f14	d53297e8-da1e-419c-a63d-8d266ef40946	Escola Pública - Independente de Renda	780.2
3366937b-e0b0-4e11-9e5b-a2b18379397d	d53297e8-da1e-419c-a63d-8d266ef40946	Escola Pública - PPI - Indep. Renda	755.1
881ec784-92ad-4dd6-b377-af1ebaf11ed2	d53297e8-da1e-419c-a63d-8d266ef40946	Escola Pública - Baixa Renda	768.9
47dfca14-f776-41f7-99d0-445a09a4344c	d53297e8-da1e-419c-a63d-8d266ef40946	Escola Pública - PPI - Baixa Renda	740.35
ae94ae09-c5ce-4472-8313-58ebf53ab90b	4cde6e0f-08fa-4527-99d6-032ea2d486ae	Ampla Concorrência	788.12
20756c78-5cd7-444d-a096-0b58240edf27	4cde6e0f-08fa-4527-99d6-032ea2d486ae	Escola Pública - Independente de Renda	772.5
19dc99e3-3297-4e69-a669-c658b405109c	4cde6e0f-08fa-4527-99d6-032ea2d486ae	Escola Pública - PPI - Indep. Renda	745.3
c10b6a61-8c65-422f-b1ef-6e8a5e03e712	4cde6e0f-08fa-4527-99d6-032ea2d486ae	Escola Pública - Baixa Renda	760.1
dbdb5ae6-b51e-4ec0-b10b-ec9afdf5ffd6	4cde6e0f-08fa-4527-99d6-032ea2d486ae	Escola Pública - PPI - Baixa Renda	732.2
8c03ab90-79c0-4e1d-b8b4-3e64c6da5df2	37d47f63-9bf5-4702-8c3b-7e99a4baa4a7	Ampla Concorrência	755.5
247515a5-229c-4dab-8ffa-6409a001cf1f	37d47f63-9bf5-4702-8c3b-7e99a4baa4a7	Escola Pública - Independente de Renda	740.2
4364b3a8-dcd6-4f23-9208-69202af767d1	37d47f63-9bf5-4702-8c3b-7e99a4baa4a7	Escola Pública - PPI - Indep. Renda	710.1
e4a2acb7-7edf-47a1-bb05-60564213b446	37d47f63-9bf5-4702-8c3b-7e99a4baa4a7	Escola Pública - Baixa Renda	730.5
9fa9bc34-1911-4e7e-bb29-b9edf4fc8e29	37d47f63-9bf5-4702-8c3b-7e99a4baa4a7	Escola Pública - PPI - Baixa Renda	695.4
1bcc7999-4af1-4bf5-8da0-69c6d450cb51	2d166d13-b571-4bb7-ba2e-fd8aa38081bd	Ampla Concorrência	728.9
b784f3da-c5c9-45d2-a79f-61b613a7afe6	2d166d13-b571-4bb7-ba2e-fd8aa38081bd	Escola Pública - Independente de Renda	715.4
b6314ae5-b525-4566-8101-ad1af282ef57	2d166d13-b571-4bb7-ba2e-fd8aa38081bd	Escola Pública - PPI - Indep. Renda	680.2
be08afd9-8cb2-4a19-9126-aecb9fccca05	2d166d13-b571-4bb7-ba2e-fd8aa38081bd	Escola Pública - Baixa Renda	700.1
3cd7c901-1ae8-4b3c-a4a0-127824bb03ca	2d166d13-b571-4bb7-ba2e-fd8aa38081bd	Escola Pública - PPI - Baixa Renda	665.5
217ec8ec-26f8-4315-846c-eb217c1e22b9	a7a2c21e-53a3-4e7c-87d0-42f54848b875	Ampla Concorrência	708.3
299f37bd-9515-4a52-8568-fba14374489c	a7a2c21e-53a3-4e7c-87d0-42f54848b875	Escola Pública - Independente de Renda	695.1
1faffcf3-9113-411e-9f81-adc813b143e7	a7a2c21e-53a3-4e7c-87d0-42f54848b875	Escola Pública - PPI - Indep. Renda	650.5
57bcb4a4-a397-44ad-93e3-3e07559f75e5	a7a2c21e-53a3-4e7c-87d0-42f54848b875	Escola Pública - Baixa Renda	670.2
13c38313-1db6-46dc-87ee-964d232fb8d6	a7a2c21e-53a3-4e7c-87d0-42f54848b875	Escola Pública - PPI - Baixa Renda	620.4
34abf8a5-c2a8-4a32-98c9-253a5d8185e0	f181751f-3677-43de-aa18-f8ce196b2a8d	Ampla Concorrência	695.2
33260110-7941-414d-bac1-f0e71fc2165e	f181751f-3677-43de-aa18-f8ce196b2a8d	Escola Pública - Independente de Renda	685.5
f339282f-01f6-4e59-ae6d-e508415b4133	f181751f-3677-43de-aa18-f8ce196b2a8d	Escola Pública - PPI - Indep. Renda	630.1
8315b2fb-869d-4483-8cf7-65a996a50e40	f181751f-3677-43de-aa18-f8ce196b2a8d	Escola Pública - Baixa Renda	660.3
43732420-4c46-48e1-b59d-2d1c1631d16b	f181751f-3677-43de-aa18-f8ce196b2a8d	Escola Pública - PPI - Baixa Renda	610.2
8f691bcf-519a-4813-aa7b-c0171b2b8cf6	81fc3c05-3109-40c6-8b8f-bf902f529d4f	Ampla Concorrência	655.4
d84bede2-7470-43f6-b907-366467d4bfdf	81fc3c05-3109-40c6-8b8f-bf902f529d4f	Escola Pública - Independente de Renda	645.1
d18431f4-2359-4fe3-98a1-2c55b5cbd27a	81fc3c05-3109-40c6-8b8f-bf902f529d4f	Escola Pública - PPI - Indep. Renda	590.2
45d95c35-717e-438f-bafd-acf058453dd1	81fc3c05-3109-40c6-8b8f-bf902f529d4f	Escola Pública - Baixa Renda	625.5
124f0cb1-23cc-4654-8526-cf0b164876f3	81fc3c05-3109-40c6-8b8f-bf902f529d4f	Escola Pública - PPI - Baixa Renda	570.3
d346d2fe-0754-4aff-8fd9-07061ed312e6	beca685d-f776-4120-8621-3fba55b41ad0	Ampla Concorrência	670.1
7787aa2a-ed9d-481e-b1e9-ba409aa38ec5	beca685d-f776-4120-8621-3fba55b41ad0	Escola Pública - Independente de Renda	660.2
3e44f961-88b8-4e40-abd9-55bd74968d06	beca685d-f776-4120-8621-3fba55b41ad0	Escola Pública - PPI - Indep. Renda	610.5
ecbfb9ad-ef78-40af-b752-034c92997a1a	beca685d-f776-4120-8621-3fba55b41ad0	Escola Pública - Baixa Renda	640.1
10d73982-7fb7-4cb9-aa8b-ca16633f22a4	beca685d-f776-4120-8621-3fba55b41ad0	Escola Pública - PPI - Baixa Renda	590.4
8eccaf30-0cdf-493e-8f69-d678eb7d203e	c92d5fa0-850b-4d3b-ace5-376dde9f3954	Ampla Concorrência	665.3
bcd57913-6c52-437b-95d0-266af77ded1c	c92d5fa0-850b-4d3b-ace5-376dde9f3954	Escola Pública - Independente de Renda	661.75
4bd899b1-a2c8-43cf-9f76-472d7be288f5	c92d5fa0-850b-4d3b-ace5-376dde9f3954	Escola Pública - PPI - Indep. Renda	591.01
01a8559f-fde0-4790-aaca-9aee8c6960d8	c92d5fa0-850b-4d3b-ace5-376dde9f3954	Escola Pública - Baixa Renda	620.5
b83e0326-bbaa-4d50-b92b-22aadb519029	c92d5fa0-850b-4d3b-ace5-376dde9f3954	Escola Pública - PPI - Baixa Renda	526
62a3be4b-e256-4196-90fb-fd12c2cb677d	f02f9e9f-f1bc-4dd1-877d-c9f885083db8	Ampla Concorrência	680.5
052405fe-e58b-41c1-b10f-c59086862fbc	f02f9e9f-f1bc-4dd1-877d-c9f885083db8	Escola Pública - Independente de Renda	670.1
56282e71-c782-4fc2-b3d6-cfcef2aef8a6	f02f9e9f-f1bc-4dd1-877d-c9f885083db8	Escola Pública - PPI - Indep. Renda	620.4
0a6945c2-4b2b-431e-a133-38ed57fdc74f	f02f9e9f-f1bc-4dd1-877d-c9f885083db8	Escola Pública - Baixa Renda	650.2
51c10a51-780b-443f-850b-f779f6b69a2a	f02f9e9f-f1bc-4dd1-877d-c9f885083db8	Escola Pública - PPI - Baixa Renda	600.3
7ea200f1-dda1-418e-9fd4-0eadc33c81c8	720ee282-2873-4e30-8872-96a432740f13	Ampla Concorrência	645.2
cb72f9d5-1dbb-4e45-9ba3-082ed310a9a8	720ee282-2873-4e30-8872-96a432740f13	Escola Pública - Independente de Renda	630.1
f1687c5a-e336-44e0-bb0c-dc3ac51a212f	720ee282-2873-4e30-8872-96a432740f13	Escola Pública - PPI - Indep. Renda	590.5
99468d7f-3648-4bcd-997d-621da18fee96	720ee282-2873-4e30-8872-96a432740f13	Escola Pública - Baixa Renda	615.3
4d1c9756-04b5-49fc-bb99-fe22dbf25fe9	720ee282-2873-4e30-8872-96a432740f13	Escola Pública - PPI - Baixa Renda	560.2
1a59880d-5d28-4cae-9373-dfd846979a24	0a8b6c03-98b8-44c9-b947-54eab2f90c82	Ampla Concorrência	655.1
a6e18899-5637-4fa9-bda4-112ffd7569a4	0a8b6c03-98b8-44c9-b947-54eab2f90c82	Escola Pública - Independente de Renda	640.5
5b305095-f0be-4342-9d34-c412b65947d4	0a8b6c03-98b8-44c9-b947-54eab2f90c82	Escola Pública - PPI - Indep. Renda	600.2
a7a8b561-3d8b-4370-a22a-c9ad1492132c	0a8b6c03-98b8-44c9-b947-54eab2f90c82	Escola Pública - Baixa Renda	630.4
65e7e16c-cd86-426b-a7e4-d81ca166648b	0a8b6c03-98b8-44c9-b947-54eab2f90c82	Escola Pública - PPI - Baixa Renda	575.1
d453605f-0365-4cf9-8caa-b4e021849ca1	12fd0f8d-52a7-4505-b4ce-9d49c57a8b46	Ampla Concorrência	710.2
c028930a-9c16-403a-ba20-d3facd28d895	12fd0f8d-52a7-4505-b4ce-9d49c57a8b46	Escola Pública - Independente de Renda	695.5
7bc9b4ee-5647-4a77-a47a-ce0a9dabf067	12fd0f8d-52a7-4505-b4ce-9d49c57a8b46	Escola Pública - PPI - Indep. Renda	660.1
fb9334d8-360f-425f-bb2f-4d4fb0cc5b7f	12fd0f8d-52a7-4505-b4ce-9d49c57a8b46	Escola Pública - Baixa Renda	680.4
d7b0b838-b57d-4c18-8135-2f88ccde89a9	12fd0f8d-52a7-4505-b4ce-9d49c57a8b46	Escola Pública - PPI - Baixa Renda	635.3
aa8ba574-6e53-4eb4-b39a-5e8ff3f41a20	a1084822-f743-4ab6-9c3d-acc45999ed46	Ampla Concorrência	690.4
9614d826-2bc4-4d09-a16a-c04a7c8e87d6	a1084822-f743-4ab6-9c3d-acc45999ed46	Escola Pública - Independente de Renda	680.1
00a16a5f-210b-4ecc-affe-81ccb4c55056	a1084822-f743-4ab6-9c3d-acc45999ed46	Escola Pública - PPI - Indep. Renda	640.2
23ac37ee-f280-4f95-9523-c94d85a443c2	a1084822-f743-4ab6-9c3d-acc45999ed46	Escola Pública - Baixa Renda	665.3
264130f8-d7d8-428b-8785-35e98d7ed187	a1084822-f743-4ab6-9c3d-acc45999ed46	Escola Pública - PPI - Baixa Renda	615.5
cf99b817-a52b-43d5-bfee-6f87723efedb	576b5f60-9327-45c4-84cc-2a2e2835f341	Ampla Concorrência	642.1
8afea84d-c824-4891-8625-cf9c0bf65580	576b5f60-9327-45c4-84cc-2a2e2835f341	Escola Pública - Independente de Renda	630.5
4871a618-d1f7-4050-a79b-997810d4841f	576b5f60-9327-45c4-84cc-2a2e2835f341	Escola Pública - PPI - Indep. Renda	600.2
f7210e72-c8b3-4243-986c-8b0da4e94e43	576b5f60-9327-45c4-84cc-2a2e2835f341	Escola Pública - Baixa Renda	615.4
91cd1967-88e4-49fc-8e49-0efaacd5b2a3	576b5f60-9327-45c4-84cc-2a2e2835f341	Escola Pública - PPI - Baixa Renda	580.1
fa20cdb6-669c-477e-8b09-138f3cee0edc	5ea29419-af1e-418a-9cb2-3bda8af2b154	Ampla Concorrência	612.5
24aeecee-b50a-4b34-9ea9-1558ff2e7dd9	5ea29419-af1e-418a-9cb2-3bda8af2b154	Escola Pública - Independente de Renda	600.2
c596d062-6435-453b-850e-629453cc973b	5ea29419-af1e-418a-9cb2-3bda8af2b154	Escola Pública - PPI - Indep. Renda	570.1
db59e025-4ae3-4f8a-91c8-8cc987cb4246	5ea29419-af1e-418a-9cb2-3bda8af2b154	Escola Pública - Baixa Renda	590.3
5543ed9c-9f44-4bc1-bfd3-575e2ea20c2a	5ea29419-af1e-418a-9cb2-3bda8af2b154	Escola Pública - PPI - Baixa Renda	550.4
1d865b03-09f0-4534-ac6b-9ceae4d8e7cc	7d395dc7-44fa-4ae3-9fc8-4eb11c166daf	Ampla Concorrência	625.4
32412207-1714-422e-85e8-2ae4fcc2bcaa	7d395dc7-44fa-4ae3-9fc8-4eb11c166daf	Escola Pública - Independente de Renda	615.1
6402f459-949f-4138-bb4a-fedf964e8972	7d395dc7-44fa-4ae3-9fc8-4eb11c166daf	Escola Pública - PPI - Indep. Renda	580.3
16253e04-d240-49e2-8d7a-3d913f98d637	7d395dc7-44fa-4ae3-9fc8-4eb11c166daf	Escola Pública - Baixa Renda	600.5
3d5b4efd-aed8-48a3-a643-89ec2662880c	7d395dc7-44fa-4ae3-9fc8-4eb11c166daf	Escola Pública - PPI - Baixa Renda	560.2
2a3bd58b-0f15-466e-b4d5-37caec1ffc2b	18f49e7e-b26e-4655-a839-6d7abe7cde35	Ampla Concorrência	618.2
444fc8a8-2763-4a4a-a8cf-203016c7ba80	18f49e7e-b26e-4655-a839-6d7abe7cde35	Escola Pública - Independente de Renda	605.5
7406f5a1-4643-436b-b2eb-b5c3c83137ff	18f49e7e-b26e-4655-a839-6d7abe7cde35	Escola Pública - PPI - Indep. Renda	575.1
cc8628c3-1c0f-4d40-885e-97c7e94b2df5	18f49e7e-b26e-4655-a839-6d7abe7cde35	Escola Pública - Baixa Renda	595.4
bc947974-8f0d-4369-a91c-0ffbbe21effa	18f49e7e-b26e-4655-a839-6d7abe7cde35	Escola Pública - PPI - Baixa Renda	555.3
6cb3ab8d-3b45-445c-915a-d658ea135d6a	5fb69ff9-a2c2-4e2b-86c5-8500f5fccb37	Ampla Concorrência	705.8
c8992fb4-2bcf-489a-b0cb-4056e3962c64	5fb69ff9-a2c2-4e2b-86c5-8500f5fccb37	Escola Pública - Independente de Renda	690.5
8408e44a-8412-4627-ae30-b60dae0f6e4d	5fb69ff9-a2c2-4e2b-86c5-8500f5fccb37	Escola Pública - PPI - Indep. Renda	655.1
1fce5229-2a17-414a-81bd-43af2c13d115	5fb69ff9-a2c2-4e2b-86c5-8500f5fccb37	Escola Pública - Baixa Renda	675.2
3718592f-6e6f-47bc-977d-806f63170969	5fb69ff9-a2c2-4e2b-86c5-8500f5fccb37	Escola Pública - PPI - Baixa Renda	635.4
532f0f42-f584-48bd-8b27-de2280f0c8c3	565077aa-7a02-4b5d-888d-cf12027dade2	Ampla Concorrência	675.3
4451f8b8-2e0f-4770-8642-62f4c10e0f5d	565077aa-7a02-4b5d-888d-cf12027dade2	Escola Pública - Independente de Renda	660.1
9f488348-9dd6-43af-b808-0768decaba61	565077aa-7a02-4b5d-888d-cf12027dade2	Escola Pública - PPI - Indep. Renda	625.4
6ab772c7-b5f8-4081-824a-a9cc4db90642	565077aa-7a02-4b5d-888d-cf12027dade2	Escola Pública - Baixa Renda	645.2
5db19082-2c7d-468b-960d-4e51473714d5	565077aa-7a02-4b5d-888d-cf12027dade2	Escola Pública - PPI - Baixa Renda	600.5
ceffe883-2ffe-4bb0-a14a-67fd1a61c6a7	a4337847-4bee-4039-8f27-ee4c0a248003	Ampla Concorrência	580.4
f6895fa6-2d88-45c3-a685-cbecb8119b2b	a4337847-4bee-4039-8f27-ee4c0a248003	Escola Pública - Independente de Renda	570.1
1ba240ea-4106-4797-bed8-598553b1dced	a4337847-4bee-4039-8f27-ee4c0a248003	Escola Pública - PPI - Indep. Renda	540.2
931dc7df-b3df-40e5-a62a-177ef986d8ca	a4337847-4bee-4039-8f27-ee4c0a248003	Escola Pública - Baixa Renda	560.5
2c0c6c51-13eb-438d-842f-97ef66cb52da	a4337847-4bee-4039-8f27-ee4c0a248003	Escola Pública - PPI - Baixa Renda	515.3
11ffa366-2e12-4ede-ad83-7e2387ba6623	0695416e-920b-4b1d-9cd7-7adaf31fbc99	Ampla Concorrência	590.2
86555db1-0d65-4f97-97d7-d948693ce465	0695416e-920b-4b1d-9cd7-7adaf31fbc99	Escola Pública - Independente de Renda	580.4
fa6d43ec-d86d-4e23-8330-40804b424d91	0695416e-920b-4b1d-9cd7-7adaf31fbc99	Escola Pública - PPI - Indep. Renda	550.1
8e5b31a4-70fe-4ac7-8bdc-b3d576cf76e5	0695416e-920b-4b1d-9cd7-7adaf31fbc99	Escola Pública - Baixa Renda	570.3
07e2ef3f-40f3-4bd3-bdd3-6772c147e8a1	0695416e-920b-4b1d-9cd7-7adaf31fbc99	Escola Pública - PPI - Baixa Renda	525.2
c822da77-b246-49fb-8b5c-bf065ee90176	e7fc7a6c-20dd-42d0-b100-34f7d4153f70	Ampla Concorrência	645.5
bd9a9855-e277-47d9-8851-f64caaa69da5	e7fc7a6c-20dd-42d0-b100-34f7d4153f70	Escola Pública - Independente de Renda	635.2
17b1e995-270d-4f13-8ffc-6769a70b5577	e7fc7a6c-20dd-42d0-b100-34f7d4153f70	Escola Pública - PPI - Indep. Renda	595.4
43741749-81b7-406c-a276-572913265076	e7fc7a6c-20dd-42d0-b100-34f7d4153f70	Escola Pública - Baixa Renda	620.1
a632ae1c-665f-4148-abea-e57daf2429f4	e7fc7a6c-20dd-42d0-b100-34f7d4153f70	Escola Pública - PPI - Baixa Renda	560.3
2d423ce2-a7e1-4d75-bf1c-2892777f7ed2	89ad0c70-c506-489e-9301-da4875a64133	Ampla Concorrência	650.1
b608561e-0a73-4022-8e37-c60ccfe8e332	89ad0c70-c506-489e-9301-da4875a64133	Escola Pública - Independente de Renda	640.3
a3d41319-3693-4008-b57d-8e545b26a31d	89ad0c70-c506-489e-9301-da4875a64133	Escola Pública - PPI - Indep. Renda	600.5
9b721778-270b-4f9f-a336-adb7a8b71c26	89ad0c70-c506-489e-9301-da4875a64133	Escola Pública - Baixa Renda	625.2
4c301fdf-cdda-49df-82d9-4867cf95da08	89ad0c70-c506-489e-9301-da4875a64133	Escola Pública - PPI - Baixa Renda	570.4
7c65f01e-148e-4ba6-b355-c8bfbc94375d	00085810-0e5b-464b-bb63-9bc97d59c4da	Ampla Concorrência	600.5
3e01ff86-0536-43ac-b24f-444817d3bffd	00085810-0e5b-464b-bb63-9bc97d59c4da	Escola Pública - Independente de Renda	590.2
30ad2aa5-0d61-454e-be5c-47457ce2bcc3	00085810-0e5b-464b-bb63-9bc97d59c4da	Escola Pública - PPI - Indep. Renda	560.1
6f8ae1ff-2f80-4707-8035-8b2b83059880	00085810-0e5b-464b-bb63-9bc97d59c4da	Escola Pública - Baixa Renda	580.4
f9f9028f-8cb9-4bfb-9523-1c441a877740	00085810-0e5b-464b-bb63-9bc97d59c4da	Escola Pública - PPI - Baixa Renda	540.3
149ac01b-fd7a-4546-aa85-2d6551459659	4416d0d2-94db-43b3-90d9-88411579c1b8	Ampla Concorrência	555.2
2c60cd1b-4133-466e-a359-4e37b886fc6d	4416d0d2-94db-43b3-90d9-88411579c1b8	Escola Pública - Independente de Renda	545.5
755c1057-30a7-486b-a6f8-f7681540e833	4416d0d2-94db-43b3-90d9-88411579c1b8	Escola Pública - PPI - Indep. Renda	520.1
67299b64-2b6d-483f-964c-a16c2ba94353	4416d0d2-94db-43b3-90d9-88411579c1b8	Escola Pública - Baixa Renda	535.4
5f0ce7d1-a94d-4c31-93e3-f4b22a0f0549	4416d0d2-94db-43b3-90d9-88411579c1b8	Escola Pública - PPI - Baixa Renda	505.2
3d25f9de-9630-4e29-8d5a-350db3d021c9	18117c59-d573-4de9-ab7d-56352700bfd8	Ampla Concorrência	638.9
f2e186f0-8033-4e25-84e2-56f3c4e293e0	18117c59-d573-4de9-ab7d-56352700bfd8	Escola Pública - Independente de Renda	625.4
4be5a7b0-3824-4eca-8aa3-075d8a4d5069	18117c59-d573-4de9-ab7d-56352700bfd8	Escola Pública - PPI - Indep. Renda	595.1
a578c1b8-9668-44e9-b65c-0973a9f4d8cb	18117c59-d573-4de9-ab7d-56352700bfd8	Escola Pública - Baixa Renda	610.2
3591148b-3e01-4243-b13e-187794b2e494	18117c59-d573-4de9-ab7d-56352700bfd8	Escola Pública - PPI - Baixa Renda	570.5
b413b5f6-b0b3-4c8c-95de-3d9f182b0e44	911e4721-31b3-4b0b-b05f-3384e43da715	Ampla Concorrência	605.3
3ef1415e-7ce7-4bce-9f37-8c15e6548b79	911e4721-31b3-4b0b-b05f-3384e43da715	Escola Pública - Independente de Renda	595.1
ff5cfb15-9d2f-4aab-9753-427afb755826	911e4721-31b3-4b0b-b05f-3384e43da715	Escola Pública - PPI - Indep. Renda	560.4
05f934e0-3e77-462a-8731-0a32b607f23c	911e4721-31b3-4b0b-b05f-3384e43da715	Escola Pública - Baixa Renda	580.2
377393ae-cf9a-4bbd-9dd2-48977fab961e	911e4721-31b3-4b0b-b05f-3384e43da715	Escola Pública - PPI - Baixa Renda	540.5
09986398-fe1e-4558-9a30-8ae19bbfd8d6	769fa554-cc3d-46ba-b52c-1d544c97b4a7	Ampla Concorrência	690.15
45442e34-affb-44f1-b9f1-7ee3c78d2c65	769fa554-cc3d-46ba-b52c-1d544c97b4a7	Escola Pública - Independente de Renda	675.4
84983c70-43de-43e8-9a7d-aa6421820443	769fa554-cc3d-46ba-b52c-1d544c97b4a7	Escola Pública - PPI - Indep. Renda	640.2
5aad2425-c17c-4f1f-b7b0-65ca91a0852b	769fa554-cc3d-46ba-b52c-1d544c97b4a7	Escola Pública - Baixa Renda	660.1
6e0daeb4-15dd-4612-8c0e-a205a3826dc9	769fa554-cc3d-46ba-b52c-1d544c97b4a7	Escola Pública - PPI - Baixa Renda	620.5
10bc577d-30d4-46c5-b990-a20fe14ca917	05e4bcc4-8abd-45da-9e75-e6b8c72fcbc4	Ampla Concorrência	685.5
d5b00cb4-2f20-4eb1-8da4-f18f8290e7c7	05e4bcc4-8abd-45da-9e75-e6b8c72fcbc4	Escola Pública - Independente de Renda	670.2
0ad62d54-6db5-4831-8924-78b47c9e2379	05e4bcc4-8abd-45da-9e75-e6b8c72fcbc4	Escola Pública - PPI - Indep. Renda	635.1
517c50f6-4970-490f-b616-a0a396709001	05e4bcc4-8abd-45da-9e75-e6b8c72fcbc4	Escola Pública - Baixa Renda	655.4
1d3cb83b-83b2-4c08-abb0-8e238514715d	05e4bcc4-8abd-45da-9e75-e6b8c72fcbc4	Escola Pública - PPI - Baixa Renda	610.3
91470582-3670-4f83-a45a-3f5cb39cd425	a244b672-c866-4b71-b061-95e0f17df92f	Ampla Concorrência	575.6
a8377a86-e1d6-4b1f-89e7-b20201832347	a244b672-c866-4b71-b061-95e0f17df92f	Escola Pública - Independente de Renda	565.3
380f86a3-3140-416c-b308-bdb71ae65349	a244b672-c866-4b71-b061-95e0f17df92f	Escola Pública - PPI - Indep. Renda	535.1
8c9e550e-5968-4c36-804b-9c177ed9d5ea	a244b672-c866-4b71-b061-95e0f17df92f	Escola Pública - Baixa Renda	555.2
57fd8aaa-bbff-435f-908a-9879580d6972	a244b672-c866-4b71-b061-95e0f17df92f	Escola Pública - PPI - Baixa Renda	510.4
d0461efc-c15f-4f88-a26b-08d3d1ebcdb3	9503d95a-82a6-4fe8-a73f-5f20fbc39c37	Ampla Concorrência	615.1
41040524-4248-4648-b7c3-0ff1550e8739	9503d95a-82a6-4fe8-a73f-5f20fbc39c37	Escola Pública - Independente de Renda	605.2
6d80236b-a741-4386-842d-753cf06f1be8	9503d95a-82a6-4fe8-a73f-5f20fbc39c37	Escola Pública - PPI - Indep. Renda	570.5
674d9b2d-624b-4d23-af62-eacd58bf7e2a	9503d95a-82a6-4fe8-a73f-5f20fbc39c37	Escola Pública - Baixa Renda	590.4
f0d9d7a2-5132-46e5-9acf-a73c72eb40fd	9503d95a-82a6-4fe8-a73f-5f20fbc39c37	Escola Pública - PPI - Baixa Renda	545.1
bd7bd2f3-2e5b-4ea0-b912-b721ef0bbff9	24b7a5a2-ad0c-4072-b54a-f447291f43cc	Ampla Concorrência	608.3
ee4508a0-1b41-4e54-8a1e-f00b8e09e1f2	24b7a5a2-ad0c-4072-b54a-f447291f43cc	Escola Pública - Independente de Renda	598.1
6085e499-9443-4253-8a1a-cef4e93f4fbb	24b7a5a2-ad0c-4072-b54a-f447291f43cc	Escola Pública - PPI - Indep. Renda	565.2
9f332c74-ffc0-4097-9359-a61caecbdca5	24b7a5a2-ad0c-4072-b54a-f447291f43cc	Escola Pública - Baixa Renda	585.4
f9f5805c-b569-48ac-a8b4-76922caaa6a2	24b7a5a2-ad0c-4072-b54a-f447291f43cc	Escola Pública - PPI - Baixa Renda	535.5
bddeb5ca-8a4d-4814-b722-d09e548ffd07	2b1d6541-0604-45f4-808a-78718c3bb181	Ampla Concorrência	640.2
311dde7b-c161-42f0-84bd-6d73f48b4acc	2b1d6541-0604-45f4-808a-78718c3bb181	Escola Pública - Independente de Renda	630.5
5bc1d53c-6e43-4a3a-948e-740a7720fb2c	2b1d6541-0604-45f4-808a-78718c3bb181	Escola Pública - PPI - Indep. Renda	590.1
8cc93554-3579-4f84-8c78-510b0601186e	2b1d6541-0604-45f4-808a-78718c3bb181	Escola Pública - Baixa Renda	615.4
3b7aed3b-3de6-4c8c-9ff6-a6eda2aacf3d	2b1d6541-0604-45f4-808a-78718c3bb181	Escola Pública - PPI - Baixa Renda	565.2
4ce75c55-c712-47b3-bd57-defb25b3c771	5fd3f0dc-9a21-45c4-b872-34563c9a142b	Ampla Concorrência	660.4
dd03f543-0c7c-4252-9205-ace7e9ff942c	5fd3f0dc-9a21-45c4-b872-34563c9a142b	Escola Pública - Independente de Renda	650.1
66fec60b-78b5-45b8-a0bf-158d70d28fa9	5fd3f0dc-9a21-45c4-b872-34563c9a142b	Escola Pública - PPI - Indep. Renda	615.2
3ca30ee9-83ee-4663-ab98-fef02e15ed71	5fd3f0dc-9a21-45c4-b872-34563c9a142b	Escola Pública - Baixa Renda	635.3
7add2e17-9bdc-490c-aae5-cce140195b2c	5fd3f0dc-9a21-45c4-b872-34563c9a142b	Escola Pública - PPI - Baixa Renda	590.5
6b8ecf2d-04ef-4295-a6fc-c9bbf9d00181	4b6d64d4-04bf-43a0-b2a2-bbd861eb8f57	Ampla Concorrência	640.1
03615e9c-865c-415d-8790-afbffb85314e	4b6d64d4-04bf-43a0-b2a2-bbd861eb8f57	Escola Pública - Independente de Renda	630.2
7a7e0ff1-400f-42e4-a4df-0f15d5943d2d	4b6d64d4-04bf-43a0-b2a2-bbd861eb8f57	Escola Pública - PPI - Indep. Renda	595.4
3515905e-a9b3-42e3-9d93-c15c1345cfb9	4b6d64d4-04bf-43a0-b2a2-bbd861eb8f57	Escola Pública - Baixa Renda	615.1
e70050ef-80aa-40ab-86c0-7ada76bb7048	4b6d64d4-04bf-43a0-b2a2-bbd861eb8f57	Escola Pública - PPI - Baixa Renda	570.3
0a3fc8dd-8493-4b85-88ed-26a1fdfb17d0	87ce356b-9f9f-4050-a88a-00924ee783cf	Ampla Concorrência	585.2
70df514b-372e-4959-9763-6631e8277f64	87ce356b-9f9f-4050-a88a-00924ee783cf	Escola Pública - Independente de Renda	575.1
f46d7a85-d4c4-4cc5-8782-081aefff374c	87ce356b-9f9f-4050-a88a-00924ee783cf	Escola Pública - PPI - Indep. Renda	540.3
59267de6-ae07-419e-8858-516a62c31127	87ce356b-9f9f-4050-a88a-00924ee783cf	Escola Pública - Baixa Renda	560.4
982f578c-84a3-4570-8528-43d6a1e0118e	87ce356b-9f9f-4050-a88a-00924ee783cf	Escola Pública - PPI - Baixa Renda	510.2
8d328e31-68de-4d31-9e71-6da59ad56d5e	fca440a2-046a-419b-82c9-0569e8dbf7fa	Ampla Concorrência	560.5
6c57ac61-f732-4a95-9bfa-6c5bf352dd2a	fca440a2-046a-419b-82c9-0569e8dbf7fa	Escola Pública - Independente de Renda	550.2
8918a20d-994f-47dc-a660-b5a7c0da4993	fca440a2-046a-419b-82c9-0569e8dbf7fa	Escola Pública - PPI - Indep. Renda	520.1
b6aa6eeb-4273-4560-9677-1d481ab66803	fca440a2-046a-419b-82c9-0569e8dbf7fa	Escola Pública - Baixa Renda	540.3
ac4a2a05-8968-4f93-b2b9-60b70ca73292	fca440a2-046a-419b-82c9-0569e8dbf7fa	Escola Pública - PPI - Baixa Renda	500.5
42c30c55-436d-43c3-8473-9425dc10a669	71e53d26-3c0c-4f7e-8830-e00ad0783467	Ampla Concorrência	575.4
ef5ea038-b097-4291-a060-024ea282d51a	71e53d26-3c0c-4f7e-8830-e00ad0783467	Escola Pública - Independente de Renda	565.1
e16b602f-4958-4f6b-a6be-0b30696eb114	71e53d26-3c0c-4f7e-8830-e00ad0783467	Escola Pública - PPI - Indep. Renda	535.2
219a5e79-bcb7-4a8a-8dcf-0ff932829949	71e53d26-3c0c-4f7e-8830-e00ad0783467	Escola Pública - Baixa Renda	555.3
31a3c1c2-f21a-4c22-ab9c-b78d2b64a2ca	71e53d26-3c0c-4f7e-8830-e00ad0783467	Escola Pública - PPI - Baixa Renda	515.4
9c09e371-1544-4732-8624-adcd0f62dff0	8c6a17c8-1b73-4835-a323-e36e002449a9	Ampla Concorrência	580.6
754257d2-3317-4337-8d1a-93a4423fd8f0	8c6a17c8-1b73-4835-a323-e36e002449a9	Escola Pública - Independente de Renda	570.3
e1b65d44-8df8-4d5a-ba8a-a76358756bb2	8c6a17c8-1b73-4835-a323-e36e002449a9	Escola Pública - PPI - Indep. Renda	540.1
ecfe4e77-ff4f-4a5f-9c9d-7de61a7a5002	8c6a17c8-1b73-4835-a323-e36e002449a9	Escola Pública - Baixa Renda	560.5
30a3dacf-58be-497c-9d89-aaa1a65fbb9c	8c6a17c8-1b73-4835-a323-e36e002449a9	Escola Pública - PPI - Baixa Renda	520.2
d02f3b6a-fe8b-4e97-b705-f6c3341172d8	2f19e5a6-31f6-4ac1-a2b1-5d6d914bddb0	Ampla Concorrência	565.3
68701520-6354-4e37-bd78-f123ee1ef258	2f19e5a6-31f6-4ac1-a2b1-5d6d914bddb0	Escola Pública - Independente de Renda	555.2
ccf34852-8ad1-4b17-9452-4b3f4421f623	2f19e5a6-31f6-4ac1-a2b1-5d6d914bddb0	Escola Pública - PPI - Indep. Renda	525.4
2ae5de2d-dfdf-4fe2-b810-7440f93ad81f	2f19e5a6-31f6-4ac1-a2b1-5d6d914bddb0	Escola Pública - Baixa Renda	545.1
81a1269e-dcbf-469e-8777-83a6ef429a00	2f19e5a6-31f6-4ac1-a2b1-5d6d914bddb0	Escola Pública - PPI - Baixa Renda	505.3
05495881-5f21-4609-9e07-64974d541fdf	7add4f25-26d0-4808-a900-4ca92aa03a86	Ampla Concorrência	595.2
0a2bbdfa-d8b3-4fbf-97d6-b0869a011aff	7add4f25-26d0-4808-a900-4ca92aa03a86	Escola Pública - Independente de Renda	585.1
9f9c78a1-d02f-4efc-b5ff-e7e0812eb57c	7add4f25-26d0-4808-a900-4ca92aa03a86	Escola Pública - PPI - Indep. Renda	550.3
79b057e3-80e8-4baf-9865-e337777b6617	7add4f25-26d0-4808-a900-4ca92aa03a86	Escola Pública - Baixa Renda	570.4
c9d5205b-f2fc-4d68-8fb8-2a832018dffa	7add4f25-26d0-4808-a900-4ca92aa03a86	Escola Pública - PPI - Baixa Renda	530.5
b1fbfd0b-7104-4146-a253-3654b1224ac3	8334971a-0b48-4058-b405-cb815622cdb5	Ampla Concorrência	550.4
e145d8b5-0513-4ede-877c-fbce437502cc	8334971a-0b48-4058-b405-cb815622cdb5	Escola Pública - Independente de Renda	540.2
a4b51411-9d95-423a-bfd5-6baa8dc54912	8334971a-0b48-4058-b405-cb815622cdb5	Escola Pública - PPI - Indep. Renda	515.1
cd8e3006-e20c-4827-bab0-7641eedc36ef	8334971a-0b48-4058-b405-cb815622cdb5	Escola Pública - Baixa Renda	530.3
3f1f3648-722f-4a93-9f0a-dcfe68cbac68	8334971a-0b48-4058-b405-cb815622cdb5	Escola Pública - PPI - Baixa Renda	495.5
44719432-dc49-46ee-9df1-a4e64360414d	49ec878a-41a9-44be-be56-8e3acbedb85f	Ampla Concorrência	590
84613058-282c-4bff-9349-a8af4cfaafef	49ec878a-41a9-44be-be56-8e3acbedb85f	Escola Pública - Independente de Renda	580
6b23225c-0011-4069-adb8-70a22bc387be	49ec878a-41a9-44be-be56-8e3acbedb85f	Escola Pública - PPI - Indep. Renda	550
0dfd495e-ab34-43fc-816e-d9b6e34d797e	49ec878a-41a9-44be-be56-8e3acbedb85f	Escola Pública - Baixa Renda	570
9bd2e218-214f-41eb-b38d-136041cc003f	49ec878a-41a9-44be-be56-8e3acbedb85f	Escola Pública - PPI - Baixa Renda	530
0019f9f8-9948-4061-b76d-bb33bf28145d	8c900e1c-bba6-4532-b86d-cc8bd536f4b4	Ampla Concorrência	580.3
d213c14f-67c5-481d-93b3-9f2c9b0b2b3b	8c900e1c-bba6-4532-b86d-cc8bd536f4b4	Escola Pública - Independente de Renda	570.1
9384fd82-0c7f-4e1a-8f52-73bcb42dfade	8c900e1c-bba6-4532-b86d-cc8bd536f4b4	Escola Pública - PPI - Indep. Renda	540.2
0eee8b8e-bb90-402e-9ad1-09093e1c2454	8c900e1c-bba6-4532-b86d-cc8bd536f4b4	Escola Pública - Baixa Renda	560.4
0739cfac-fe6b-4d7b-a04e-b4797ee3d439	8c900e1c-bba6-4532-b86d-cc8bd536f4b4	Escola Pública - PPI - Baixa Renda	515.5
1fde37ba-48fe-45c6-b6d4-9b3b54435f80	eb360d47-f3c5-49f9-979f-76eda4057db0	Ampla Concorrência	620.5
f9bb536f-0bbc-4940-b61d-9e568a29b906	eb360d47-f3c5-49f9-979f-76eda4057db0	Escola Pública - Independente de Renda	610.2
d28ecaa6-28ab-477b-9f4b-d72c0fe3112b	eb360d47-f3c5-49f9-979f-76eda4057db0	Escola Pública - PPI - Indep. Renda	575.4
e5747e10-9e93-46e9-86c9-802e6c9aef0a	eb360d47-f3c5-49f9-979f-76eda4057db0	Escola Pública - Baixa Renda	595.1
0d2f5e19-b91e-4be3-9a16-a8218b327ccb	eb360d47-f3c5-49f9-979f-76eda4057db0	Escola Pública - PPI - Baixa Renda	550.3
d499aec5-1a94-4e3d-b403-3a3f15bc7726	517b9ac7-644c-4796-9786-742a52549ff9	Ampla Concorrência	615.3
129ecadb-7006-4d50-a52d-2c0fe9ac9d25	517b9ac7-644c-4796-9786-742a52549ff9	Escola Pública - Independente de Renda	605.1
d8c61411-ef68-435f-918d-72f006903e24	517b9ac7-644c-4796-9786-742a52549ff9	Escola Pública - PPI - Indep. Renda	570.2
369d0080-a527-499c-9817-f323419438e6	517b9ac7-644c-4796-9786-742a52549ff9	Escola Pública - Baixa Renda	590.4
6eee8046-d29d-455e-9345-bff0fdbd02f3	517b9ac7-644c-4796-9786-742a52549ff9	Escola Pública - PPI - Baixa Renda	545.5
e6e442f8-ec90-48c5-935a-4cea81919234	bfd1490e-16c4-48c7-a2f5-141e5acc0d90	Ampla Concorrência	565.1
b7bc8a38-f126-4825-a1f4-eb13341cfffa	bfd1490e-16c4-48c7-a2f5-141e5acc0d90	Escola Pública - Independente de Renda	555.3
1f7f7e07-39b4-426e-b98b-af5a15e0acbe	bfd1490e-16c4-48c7-a2f5-141e5acc0d90	Escola Pública - PPI - Indep. Renda	525.2
e69b54ba-d3b1-4c7c-9b96-afe3d23de821	bfd1490e-16c4-48c7-a2f5-141e5acc0d90	Escola Pública - Baixa Renda	545.4
dadac124-9451-48f5-b4d9-ed5f8be9a822	bfd1490e-16c4-48c7-a2f5-141e5acc0d90	Escola Pública - PPI - Baixa Renda	505.1
30e55d6d-b27f-4b98-9275-dfafe99ead7d	d64f8d28-ab14-4aab-85d5-225902f6dfd3	Ampla Concorrência	570.2
5573de05-84a9-45e1-baec-5408e7890bc2	d64f8d28-ab14-4aab-85d5-225902f6dfd3	Escola Pública - Independente de Renda	560.4
813df3ad-a53d-441b-9d5c-3eed2b69f0bd	d64f8d28-ab14-4aab-85d5-225902f6dfd3	Escola Pública - PPI - Indep. Renda	530.1
ac0dbaed-0d23-45a2-a877-08a2c9536d18	d64f8d28-ab14-4aab-85d5-225902f6dfd3	Escola Pública - Baixa Renda	550.2
9a1f4587-8e59-4651-8458-ab7af6300136	d64f8d28-ab14-4aab-85d5-225902f6dfd3	Escola Pública - PPI - Baixa Renda	510.3
f1ef34e9-1996-4380-b3a4-8c054d75e1d5	af121920-9612-45b4-995d-38a74a443cb6	Ampla Concorrência	620.1
2283a50a-09b0-4217-a53d-7804f29ec238	af121920-9612-45b4-995d-38a74a443cb6	Escola Pública - Independente de Renda	610.3
847f1a48-bf7d-457e-b387-3f91ad2bc035	af121920-9612-45b4-995d-38a74a443cb6	Escola Pública - PPI - Indep. Renda	575.2
6436ecaf-c023-4272-b779-022c7cd53a53	af121920-9612-45b4-995d-38a74a443cb6	Escola Pública - Baixa Renda	595.4
1f0c2f97-b6fb-481b-bcd7-8d1d6cc81ec8	af121920-9612-45b4-995d-38a74a443cb6	Escola Pública - PPI - Baixa Renda	550.1
fbde26ea-122b-4754-9b0c-ba6abfa397d4	9324b6d6-5379-4032-96b3-11ebd5253269	Ampla Concorrência	610.4
95594af0-49fb-4664-bf32-239fed2a90e1	9324b6d6-5379-4032-96b3-11ebd5253269	Escola Pública - Independente de Renda	600.1
11d23891-4e48-4cb8-aee1-0245c4ffe883	9324b6d6-5379-4032-96b3-11ebd5253269	Escola Pública - PPI - Indep. Renda	565.3
9cfd30a4-7e81-48ed-b310-916da9e5e2a1	9324b6d6-5379-4032-96b3-11ebd5253269	Escola Pública - Baixa Renda	585.2
a78e3ef2-2834-4228-9313-be3c2df206a5	9324b6d6-5379-4032-96b3-11ebd5253269	Escola Pública - PPI - Baixa Renda	540.4
9cb60665-6fae-47b5-86ed-242315293c62	7a282a80-6397-478c-898f-2900526b16ca	Ampla Concorrência	615.5
219808c5-f907-409f-9812-eeda0a05b656	7a282a80-6397-478c-898f-2900526b16ca	Escola Pública - Independente de Renda	605.2
1b075e49-5ba0-46a9-ae56-079d9020ca0b	7a282a80-6397-478c-898f-2900526b16ca	Escola Pública - PPI - Indep. Renda	570.4
87e8d428-de95-4bc7-9193-e4bafe546e2e	7a282a80-6397-478c-898f-2900526b16ca	Escola Pública - Baixa Renda	590.1
e9825ce4-f97c-4172-b5c2-b5a7e259e8fa	7a282a80-6397-478c-898f-2900526b16ca	Escola Pública - PPI - Baixa Renda	550.3
93ce48fb-ba15-4a01-a309-f803f9449ef1	77830131-5894-4852-a206-7a87d3979417	Ampla Concorrência	685.2
7be35194-0af5-4409-a1bc-01b15e4d4968	77830131-5894-4852-a206-7a87d3979417	Escola Pública - Independente de Renda	670.3
665d00e3-3349-4b86-9c2a-34809c0f89d1	77830131-5894-4852-a206-7a87d3979417	Escola Pública - PPI - Indep. Renda	635.4
ad80213f-a4df-479d-9422-6826fa52b744	77830131-5894-4852-a206-7a87d3979417	Escola Pública - Baixa Renda	655.1
b1b3aef0-a87c-4447-ad2c-956f70c6999c	77830131-5894-4852-a206-7a87d3979417	Escola Pública - PPI - Baixa Renda	615.2
1498b6ef-0643-4c66-a417-3deb26dd2bf2	b56d8682-82c1-4751-9859-f1054257ab49	Ampla Concorrência	560.2
4fd98ef5-ac85-4a9a-8831-e5d7ea62e690	b56d8682-82c1-4751-9859-f1054257ab49	Escola Pública - Independente de Renda	550.4
6633de45-4a9f-44d4-8c1a-45c64dbfbcb8	b56d8682-82c1-4751-9859-f1054257ab49	Escola Pública - PPI - Indep. Renda	520.3
8bcc1dac-56d8-458c-8b50-19c1f2b4ca7a	b56d8682-82c1-4751-9859-f1054257ab49	Escola Pública - Baixa Renda	540.1
55cb4cd5-465d-4d69-8dbf-49a87d3cae00	b56d8682-82c1-4751-9859-f1054257ab49	Escola Pública - PPI - Baixa Renda	500.2
fe662d82-5bfa-41d8-af62-44717485a37c	91a0d11a-f99c-4a4c-8dd7-2c6e2f6c7715	Ampla Concorrência	570.5
adcf306c-d5e0-4fe3-a3c5-29884e71a1b4	91a0d11a-f99c-4a4c-8dd7-2c6e2f6c7715	Escola Pública - Independente de Renda	560.2
83f2bd25-c266-45f1-a9d0-bbf12a3b7c5f	91a0d11a-f99c-4a4c-8dd7-2c6e2f6c7715	Escola Pública - PPI - Indep. Renda	530.4
87fa1724-7e5b-4fca-84a9-94d9e6ea2f3e	91a0d11a-f99c-4a4c-8dd7-2c6e2f6c7715	Escola Pública - Baixa Renda	550.3
08bdfb82-bbdb-4172-894f-b6e5d7ff03c1	91a0d11a-f99c-4a4c-8dd7-2c6e2f6c7715	Escola Pública - PPI - Baixa Renda	510.1
16ff87ce-7046-4d7a-acbc-c0fc81de7e83	6aebde66-b34d-4c0b-9198-1a966622848d	Ampla Concorrência	630.4
30c531bf-f786-4772-b832-05c9c768d58f	6aebde66-b34d-4c0b-9198-1a966622848d	Escola Pública - Independente de Renda	620.1
53b59708-ccc1-44ef-82e4-c298c837b179	6aebde66-b34d-4c0b-9198-1a966622848d	Escola Pública - PPI - Indep. Renda	585.3
8bddaff9-1fee-4f3d-9a99-23e745002b40	6aebde66-b34d-4c0b-9198-1a966622848d	Escola Pública - Baixa Renda	605.2
1708d341-b018-4c2f-9961-9d19fdc23658	6aebde66-b34d-4c0b-9198-1a966622848d	Escola Pública - PPI - Baixa Renda	560.4
b89e6007-0f77-47c3-874c-3021c042f5a1	ee188ebf-303e-4cd1-af4e-8cd30ad4f7cc	Ampla Concorrência	660.1
a56f4c28-545a-43f2-9952-ce246afcce7d	ee188ebf-303e-4cd1-af4e-8cd30ad4f7cc	Escola Pública - Independente de Renda	650.3
1085d4e5-adbf-4bb5-b3b7-b2840f4f1e2e	ee188ebf-303e-4cd1-af4e-8cd30ad4f7cc	Escola Pública - PPI - Indep. Renda	610.4
bb53852e-0141-4275-9dfe-9772fe945c68	ee188ebf-303e-4cd1-af4e-8cd30ad4f7cc	Escola Pública - Baixa Renda	635.2
1dc8aaaf-393c-4587-afca-f2ee923093c6	ee188ebf-303e-4cd1-af4e-8cd30ad4f7cc	Escola Pública - PPI - Baixa Renda	585.1
0b65d35e-5a0e-4161-b58b-1fab9e4ab8b4	64b74d4a-e537-4c5d-9651-0e9c5490cf19	Ampla Concorrência	595.3
2d23cd3f-d7ca-4cad-9c0b-5e2876f16d05	64b74d4a-e537-4c5d-9651-0e9c5490cf19	Escola Pública - Independente de Renda	585.1
b5437d41-6f01-4f2d-958a-3505b3344d6d	64b74d4a-e537-4c5d-9651-0e9c5490cf19	Escola Pública - PPI - Indep. Renda	550.4
76442f35-e0ca-4a3e-b628-e89f06486ab6	64b74d4a-e537-4c5d-9651-0e9c5490cf19	Escola Pública - Baixa Renda	570.2
59bd6aaf-d9c6-4cee-9b54-6e1c1e317eec	64b74d4a-e537-4c5d-9651-0e9c5490cf19	Escola Pública - PPI - Baixa Renda	530.5
f618b5c7-13f6-4cdc-98d2-9e1bd08601a9	8eadc27b-ceee-42c3-95fc-f1fe92d3d530	Ampla Concorrência	585.2
b72d8d67-549f-42d0-9782-d5b2fcefad73	8eadc27b-ceee-42c3-95fc-f1fe92d3d530	Escola Pública - Independente de Renda	575.4
66a10085-a330-4657-a8ba-293134a174c7	8eadc27b-ceee-42c3-95fc-f1fe92d3d530	Escola Pública - PPI - Indep. Renda	540.3
f297df11-652e-422c-892d-764cd9533aee	8eadc27b-ceee-42c3-95fc-f1fe92d3d530	Escola Pública - Baixa Renda	560.1
1e01a454-643e-4281-b71b-d76dfc8b2ef2	8eadc27b-ceee-42c3-95fc-f1fe92d3d530	Escola Pública - PPI - Baixa Renda	520.4
1d9c0163-9e4c-4958-a17f-b0d75859aa05	c624929c-e7d4-4062-9dc1-d0ff6546edd3	Ampla Concorrência	580.1
a367aabd-3172-4e0b-b6dc-48037a2113ab	c624929c-e7d4-4062-9dc1-d0ff6546edd3	Escola Pública - Independente de Renda	570.2
00d67090-3077-481e-bd7a-5b81c4da4fed	c624929c-e7d4-4062-9dc1-d0ff6546edd3	Escola Pública - PPI - Indep. Renda	535.4
869a58c4-7593-4a59-b12f-7af3b37ffce7	c624929c-e7d4-4062-9dc1-d0ff6546edd3	Escola Pública - Baixa Renda	555.3
d2f045db-996c-495f-8b8c-a0eb76f19e22	c624929c-e7d4-4062-9dc1-d0ff6546edd3	Escola Pública - PPI - Baixa Renda	515.1
f3563883-c3d4-40b0-85f2-121a81ec0086	4404ab32-10eb-4a43-9d3f-25e27e942097	Ampla Concorrência	570.4
cb209706-79bc-46c9-ad3a-c5b7357f6d73	4404ab32-10eb-4a43-9d3f-25e27e942097	Escola Pública - Independente de Renda	560.3
dab89536-3620-47f5-bf72-3c4fe27c1c33	4404ab32-10eb-4a43-9d3f-25e27e942097	Escola Pública - PPI - Indep. Renda	530.1
bae6a3f1-d4a1-4c60-9092-a6b01e568930	4404ab32-10eb-4a43-9d3f-25e27e942097	Escola Pública - Baixa Renda	550.2
1d45ff20-8c41-4a21-8000-fd068d421c4e	4404ab32-10eb-4a43-9d3f-25e27e942097	Escola Pública - PPI - Baixa Renda	510.5
82e7d83a-1568-4fb7-972c-7daab60894bf	1567930b-728d-4234-a507-4469be983ee5	Ampla Concorrência	575.2
f2c35ecf-60f2-4dd5-b7a1-3b77c2b4bcaa	1567930b-728d-4234-a507-4469be983ee5	Escola Pública - Independente de Renda	565.4
d7189c5d-8062-470e-bb2a-b017ae54ea78	1567930b-728d-4234-a507-4469be983ee5	Escola Pública - PPI - Indep. Renda	535.1
d57576e4-838f-48b3-8617-fd6a9270b928	1567930b-728d-4234-a507-4469be983ee5	Escola Pública - Baixa Renda	555.3
35fa0e3d-444a-49f0-92e1-121f510049fc	1567930b-728d-4234-a507-4469be983ee5	Escola Pública - PPI - Baixa Renda	515.2
74438466-6988-4a40-9056-0b027e267bd7	aa01b73c-2c6c-4404-ba9f-e65f2cf55197	Ampla Concorrência	580.3
df26f9d0-b732-45ac-ab25-83bff90607b3	aa01b73c-2c6c-4404-ba9f-e65f2cf55197	Escola Pública - Independente de Renda	570.1
bbceda50-7a50-4ecc-8e2c-f340f3aa324b	aa01b73c-2c6c-4404-ba9f-e65f2cf55197	Escola Pública - PPI - Indep. Renda	540.2
9f9b4946-a497-4db8-aa6c-8eb720fbd03b	aa01b73c-2c6c-4404-ba9f-e65f2cf55197	Escola Pública - Baixa Renda	560.4
98c558da-cac2-47c2-a75e-a6bf56862ef6	aa01b73c-2c6c-4404-ba9f-e65f2cf55197	Escola Pública - PPI - Baixa Renda	520.3
b7c7a41c-dca4-454e-b20c-75e2c28a24e8	756e57c5-215d-410f-b7a3-4afb965753d7	Ampla Concorrência	605.5
050bff92-1f26-4453-ba22-3bb793e13451	756e57c5-215d-410f-b7a3-4afb965753d7	Escola Pública - Independente de Renda	595.2
ff2ad026-109d-4782-9599-ef5a8c013049	756e57c5-215d-410f-b7a3-4afb965753d7	Escola Pública - PPI - Indep. Renda	560.3
2050fa1d-c9f7-4fc0-a1fa-9298783bff34	756e57c5-215d-410f-b7a3-4afb965753d7	Escola Pública - Baixa Renda	580.4
3cb5c143-c3ac-46c9-befb-bf5e8115f16b	756e57c5-215d-410f-b7a3-4afb965753d7	Escola Pública - PPI - Baixa Renda	535.1
7a437dd0-6701-4ec3-ba20-3915987056b3	8ef56fa9-7984-43dd-98c4-75dc95bfae85	Ampla Concorrência	595.4
524cfbfa-a380-4cdd-b41d-64cab34a72b4	8ef56fa9-7984-43dd-98c4-75dc95bfae85	Escola Pública - Independente de Renda	585.1
2b793e2a-2be5-44e3-a9ff-6b4567dda4f2	8ef56fa9-7984-43dd-98c4-75dc95bfae85	Escola Pública - PPI - Indep. Renda	550.2
925fdd4a-2340-4edd-a28f-74bcf42d524a	8ef56fa9-7984-43dd-98c4-75dc95bfae85	Escola Pública - Baixa Renda	570.3
92b0651c-3137-49f7-8e29-6b05a8375a57	8ef56fa9-7984-43dd-98c4-75dc95bfae85	Escola Pública - PPI - Baixa Renda	525.5
da15ed37-5e46-4011-8d4b-e294050b1be7	f31dffb7-3c45-40db-a55a-b67f9baeee7b	Ampla Concorrência	615.2
f7e5c04f-3dc4-423b-8786-150367d4fe3b	f31dffb7-3c45-40db-a55a-b67f9baeee7b	Escola Pública - Independente de Renda	605.4
66368e7b-a5b8-4266-ad1f-3e8eaa66794b	f31dffb7-3c45-40db-a55a-b67f9baeee7b	Escola Pública - PPI - Indep. Renda	570.1
257738b7-d067-472c-88f9-3d6650f3d0e7	f31dffb7-3c45-40db-a55a-b67f9baeee7b	Escola Pública - Baixa Renda	590.2
af21555e-d80f-4ee0-9011-7235489c010d	f31dffb7-3c45-40db-a55a-b67f9baeee7b	Escola Pública - PPI - Baixa Renda	540.3
df643d85-48ce-46e0-af2d-ef8cc1cdf4f3	56575c44-75f2-4281-aaaf-8e8d4dcce60d	Ampla Concorrência	555.3
1d66f052-7e3d-4b6e-89c5-db8a1bdf6e11	56575c44-75f2-4281-aaaf-8e8d4dcce60d	Escola Pública - Independente de Renda	545.1
e8334e67-987b-4f3a-b983-4b530f644c44	56575c44-75f2-4281-aaaf-8e8d4dcce60d	Escola Pública - PPI - Indep. Renda	515.4
735ed3c8-9467-436e-b9d8-66761f3abf2b	56575c44-75f2-4281-aaaf-8e8d4dcce60d	Escola Pública - Baixa Renda	535.2
83a2b2a3-2964-4dc4-becd-8681418dfeef	56575c44-75f2-4281-aaaf-8e8d4dcce60d	Escola Pública - PPI - Baixa Renda	495.3
04fd3e8e-8e26-4f21-9844-ac0f1cbd439a	30f61b46-0da5-4850-9316-b3504bea1703	Ampla Concorrência	575.4
58549981-35e1-4c2c-a179-0c3ec2f9a161	30f61b46-0da5-4850-9316-b3504bea1703	Escola Pública - Independente de Renda	565.2
f49720d4-57f8-4d75-a534-76b1f4bb6abc	30f61b46-0da5-4850-9316-b3504bea1703	Escola Pública - PPI - Indep. Renda	535.1
935cff01-1369-4936-b595-a1496571b04b	30f61b46-0da5-4850-9316-b3504bea1703	Escola Pública - Baixa Renda	555.3
82348cfe-c345-45b9-a042-70f96959ecfc	30f61b46-0da5-4850-9316-b3504bea1703	Escola Pública - PPI - Baixa Renda	510.4
877b8534-2b42-49f3-8fba-af91592c3deb	f68d4170-8844-465a-b6b7-986dfcac47b9	Ampla Concorrência	612.5
2e8439b9-30a2-4fd1-b02c-78956c1f261d	f68d4170-8844-465a-b6b7-986dfcac47b9	Escola Pública - Independente de Renda	600.3
93c87c5f-084b-49c1-8e44-694511d0ddfb	f68d4170-8844-465a-b6b7-986dfcac47b9	Escola Pública - PPI - Indep. Renda	565.4
a0e5a4d7-f73e-4bd4-91bb-592657b05c99	f68d4170-8844-465a-b6b7-986dfcac47b9	Escola Pública - Baixa Renda	585.1
9f095539-13cb-4cec-b50a-2d64b218d4f4	f68d4170-8844-465a-b6b7-986dfcac47b9	Escola Pública - PPI - Baixa Renda	540.2
4da9f249-974c-44d5-806f-0bbc7939495d	842ef384-9786-4e1d-82a4-8bdc71525a32	Ampla Concorrência	565.3
fc3ec677-460d-4f2e-8a14-b5d9f372e528	842ef384-9786-4e1d-82a4-8bdc71525a32	Escola Pública - Independente de Renda	555.1
c461c5d0-d154-4ab8-8f7b-a65456aa205a	842ef384-9786-4e1d-82a4-8bdc71525a32	Escola Pública - PPI - Indep. Renda	525.4
62bbea2d-7503-4c3e-9b31-7b03f663043b	842ef384-9786-4e1d-82a4-8bdc71525a32	Escola Pública - Baixa Renda	545.2
5a251f8d-7e08-4210-adcd-df607953d904	842ef384-9786-4e1d-82a4-8bdc71525a32	Escola Pública - PPI - Baixa Renda	505.3
92a3a5a0-5707-4094-b82d-c83231cc52b9	8ad84254-1882-4c3a-9e8b-675c9b2214f8	Ampla Concorrência	595.2
2c8aec93-9c31-484b-8a82-b7af624f67bb	8ad84254-1882-4c3a-9e8b-675c9b2214f8	Escola Pública - Independente de Renda	585.4
62002fdd-52cd-43f8-ae63-7fabdb729581	8ad84254-1882-4c3a-9e8b-675c9b2214f8	Escola Pública - PPI - Indep. Renda	555.1
918b052a-388a-40db-a1fc-2d77dc84a2c3	8ad84254-1882-4c3a-9e8b-675c9b2214f8	Escola Pública - Baixa Renda	575.3
c767fe2d-cfb0-4262-8432-3caf2d38a08b	8ad84254-1882-4c3a-9e8b-675c9b2214f8	Escola Pública - PPI - Baixa Renda	535.2
08d7886b-0280-4a12-b101-0ca9597bdac4	31cd3f2b-b1f9-4043-b41a-a26f891f657c	Ampla Concorrência	598.5
f2920a8f-576d-4d45-bc00-0d63ecff190f	31cd3f2b-b1f9-4043-b41a-a26f891f657c	Escola Pública - Independente de Renda	588.2
3a9b4a80-1e80-43e2-a1bd-ebf00d67551e	31cd3f2b-b1f9-4043-b41a-a26f891f657c	Escola Pública - PPI - Indep. Renda	558.4
c1e688b0-cc5d-45bb-a6c4-2be6adc6eab4	31cd3f2b-b1f9-4043-b41a-a26f891f657c	Escola Pública - Baixa Renda	578.1
3830691d-7204-4443-8000-dec29c9a92c9	31cd3f2b-b1f9-4043-b41a-a26f891f657c	Escola Pública - PPI - Baixa Renda	538.3
2a6b596c-6e0c-4fe9-ae65-3a79b7304a23	ec9a0b6b-ae15-4081-9223-ec232865681d	Ampla Concorrência	702.4
49f3b478-32f6-4721-aeab-91a4886f7ea8	ec9a0b6b-ae15-4081-9223-ec232865681d	Escola Pública - Independente de Renda	690.1
9df6899b-d06e-4e42-8910-2980d2d12cb2	ec9a0b6b-ae15-4081-9223-ec232865681d	Escola Pública - PPI - Indep. Renda	655.2
cfd92dd1-2d67-483d-adb7-3e6bde21ca44	ec9a0b6b-ae15-4081-9223-ec232865681d	Escola Pública - Baixa Renda	675.3
886d8d02-7318-4d85-a6cf-7498369603bf	ec9a0b6b-ae15-4081-9223-ec232865681d	Escola Pública - PPI - Baixa Renda	640.5
006560c0-49ae-4773-877b-c186f8f85f59	a9eda1b3-65f6-4608-9dee-65f1cea66c92	Ampla Concorrência	665.3
e22f9017-471a-44e5-8065-ae596ecdcbcf	a9eda1b3-65f6-4608-9dee-65f1cea66c92	Escola Pública - Independente de Renda	655.1
a481ebf8-d7e6-4cd5-85fa-d204c6a4395c	a9eda1b3-65f6-4608-9dee-65f1cea66c92	Escola Pública - PPI - Indep. Renda	620.4
91351415-bd93-4a21-9938-1dd215c32ac1	a9eda1b3-65f6-4608-9dee-65f1cea66c92	Escola Pública - Baixa Renda	640.2
b05685f6-8cac-4d15-bd8c-f9a27e045df2	a9eda1b3-65f6-4608-9dee-65f1cea66c92	Escola Pública - PPI - Baixa Renda	605.3
faa45d32-a480-4f9d-a5dc-8f6dc6c938c6	3e6cccf2-6155-401f-bbdf-5bf472434507	Ampla Concorrência	692.5
eb6719f5-5ef7-4465-b44e-c12d653c859d	3e6cccf2-6155-401f-bbdf-5bf472434507	Escola Pública - Independente de Renda	680.2
3e277bf6-393b-4c3b-9aea-3b22e299b3bd	3e6cccf2-6155-401f-bbdf-5bf472434507	Escola Pública - PPI - Indep. Renda	645.1
f94acc01-1852-4454-9b52-b3e4f11ae2fe	3e6cccf2-6155-401f-bbdf-5bf472434507	Escola Pública - Baixa Renda	665.4
9a8df24b-70b5-483d-a67d-4703617b4578	3e6cccf2-6155-401f-bbdf-5bf472434507	Escola Pública - PPI - Baixa Renda	625.3
f4894ee4-d22a-43d3-8923-bcb92c38c9f6	b29465e2-7049-4421-9f1f-36da2fc6e5f8	Ampla Concorrência	660.2
dbdbd41b-4743-4d0d-8625-4395188640f1	b29465e2-7049-4421-9f1f-36da2fc6e5f8	Escola Pública - Independente de Renda	650.4
5432b214-7056-41a0-bd7f-e19fc1267ab3	b29465e2-7049-4421-9f1f-36da2fc6e5f8	Escola Pública - PPI - Indep. Renda	615.3
f52a48f3-de31-4dc8-8624-5b65421b859c	b29465e2-7049-4421-9f1f-36da2fc6e5f8	Escola Pública - Baixa Renda	635.1
10266918-46a6-4d60-8d95-849f7785f598	b29465e2-7049-4421-9f1f-36da2fc6e5f8	Escola Pública - PPI - Baixa Renda	595.2
2d43edab-9fd7-42a4-a99c-21e36347e0d1	ea1a21ad-a3e9-476a-ac86-d71f306b8257	Ampla Concorrência	670.5
3274e8a0-c8b1-49be-a39f-d38332cd7e37	ea1a21ad-a3e9-476a-ac86-d71f306b8257	Escola Pública - Independente de Renda	660.1
e33e6ec9-6d44-478f-b425-42f5ea82f0a8	ea1a21ad-a3e9-476a-ac86-d71f306b8257	Escola Pública - PPI - Indep. Renda	625.4
0cc3e3f2-8e7a-4628-8081-1b0eaa02cf29	ea1a21ad-a3e9-476a-ac86-d71f306b8257	Escola Pública - Baixa Renda	645.2
34076569-8582-4618-9b17-9611e846e760	ea1a21ad-a3e9-476a-ac86-d71f306b8257	Escola Pública - PPI - Baixa Renda	605.3
17a753ff-41e5-40a2-afa6-d7467972603b	0683c30a-332e-4ccd-adaa-7d7ae3f47d73	Ampla Concorrência	745.4
e81d34f6-5bb7-4fd1-b408-32a1274bbb93	0683c30a-332e-4ccd-adaa-7d7ae3f47d73	Escola Pública - Independente de Renda	730.2
86f3bda0-ff1b-429d-a9dd-917d3e85b262	0683c30a-332e-4ccd-adaa-7d7ae3f47d73	Escola Pública - PPI - Indep. Renda	700.5
c09cd71a-9d4f-4b2e-8074-1394b4c7f69b	0683c30a-332e-4ccd-adaa-7d7ae3f47d73	Escola Pública - Baixa Renda	720.1
fe208e14-4d26-46bd-9f29-ef17c6460e34	0683c30a-332e-4ccd-adaa-7d7ae3f47d73	Escola Pública - PPI - Baixa Renda	685.3
0d42012d-c314-46bd-9736-86651c6e706b	b528f6c7-04b7-45aa-84cc-d1c4bc830d40	Ampla Concorrência	605.3
2a2c3fb1-e077-4d3b-b45f-722a69a0dc01	b528f6c7-04b7-45aa-84cc-d1c4bc830d40	Escola Pública - Independente de Renda	595.1
de353b52-c1d2-47a9-a287-591bb6745efd	b528f6c7-04b7-45aa-84cc-d1c4bc830d40	Escola Pública - PPI - Indep. Renda	560.4
febda11c-4b7d-49ae-9196-6a8a6d83b060	b528f6c7-04b7-45aa-84cc-d1c4bc830d40	Escola Pública - Baixa Renda	580.2
1505f21d-0a6d-4e12-8020-bef7275dddf6	b528f6c7-04b7-45aa-84cc-d1c4bc830d40	Escola Pública - PPI - Baixa Renda	535.5
618847e6-af95-4d20-a3ee-ee2af4537290	b12e5987-e69a-48f1-8d52-0b5de7dfe08f	Ampla Concorrência	590.2
90aca2dc-97fe-4249-8e11-68394c5fa459	b12e5987-e69a-48f1-8d52-0b5de7dfe08f	Escola Pública - Independente de Renda	580.4
353c56a1-0ade-4706-9aab-2a3d79e3e358	b12e5987-e69a-48f1-8d52-0b5de7dfe08f	Escola Pública - PPI - Indep. Renda	545.1
ffd46872-ad15-46ff-a335-52f94b46974d	b12e5987-e69a-48f1-8d52-0b5de7dfe08f	Escola Pública - Baixa Renda	565.3
1a1a5292-9e26-40f4-93de-a133af8dec6d	b12e5987-e69a-48f1-8d52-0b5de7dfe08f	Escola Pública - PPI - Baixa Renda	520.5
569d8e01-39d4-4294-9530-2493937bb551	b4188ef0-08d0-4615-8149-63bd2446c696	Ampla Concorrência	615.1
edf79550-1661-43c2-ad50-1d74f17d6b20	b4188ef0-08d0-4615-8149-63bd2446c696	Escola Pública - Independente de Renda	605.2
dad82ef9-db46-4e39-8500-9c9cdad8d8d1	b4188ef0-08d0-4615-8149-63bd2446c696	Escola Pública - PPI - Indep. Renda	570.4
47e5822f-1dfe-4b16-95f1-549a04d515ec	b4188ef0-08d0-4615-8149-63bd2446c696	Escola Pública - Baixa Renda	590.3
20625666-a25e-4a6c-a266-de52d1ccf920	b4188ef0-08d0-4615-8149-63bd2446c696	Escola Pública - PPI - Baixa Renda	545.2
83430c93-8e51-4733-80b1-123536d11be1	7bcbf637-d402-40c9-ad78-a8c3336d8f24	Ampla Concorrência	555.4
cb945bbd-e332-4888-8c8a-fb342fb27c3e	7bcbf637-d402-40c9-ad78-a8c3336d8f24	Escola Pública - Independente de Renda	545.2
18e36c83-7b27-4b81-9411-cc925b00c673	7bcbf637-d402-40c9-ad78-a8c3336d8f24	Escola Pública - PPI - Indep. Renda	515.1
d1738261-f784-46b0-a74d-b0cd0ffbc8e3	7bcbf637-d402-40c9-ad78-a8c3336d8f24	Escola Pública - Baixa Renda	535.3
2a645d37-7137-478a-929c-d6ba98e777a9	7bcbf637-d402-40c9-ad78-a8c3336d8f24	Escola Pública - PPI - Baixa Renda	495.5
9dabb7a9-b214-405a-834b-0f804aa8e1f1	59e64972-3a79-4eba-89d3-9e48825110db	Ampla Concorrência	565.2
a7f67eca-d068-4551-a010-4915c60ef4d4	59e64972-3a79-4eba-89d3-9e48825110db	Escola Pública - Independente de Renda	555.4
324c4045-87a3-4057-8e9c-5acf24694c61	59e64972-3a79-4eba-89d3-9e48825110db	Escola Pública - PPI - Indep. Renda	525.1
a4b9d3f7-0192-4b29-9f8b-4677f244ce7c	59e64972-3a79-4eba-89d3-9e48825110db	Escola Pública - Baixa Renda	545.3
83ec13e8-3ebe-4719-b193-d126f147382f	59e64972-3a79-4eba-89d3-9e48825110db	Escola Pública - PPI - Baixa Renda	505.2
040032bd-8974-4640-a161-5b8056d9998b	ab38bc2a-4d8b-4fee-8d6f-d0d176339c75	Ampla Concorrência	575.3
356c4310-8947-4ba8-8a89-055dad86db8e	ab38bc2a-4d8b-4fee-8d6f-d0d176339c75	Escola Pública - Independente de Renda	565.1
2286e15e-6017-441d-912b-6a3f8a56cee9	ab38bc2a-4d8b-4fee-8d6f-d0d176339c75	Escola Pública - PPI - Indep. Renda	535.4
d8011903-a40e-49eb-8e82-c2ed939bddb5	ab38bc2a-4d8b-4fee-8d6f-d0d176339c75	Escola Pública - Baixa Renda	555.2
e7246841-7322-4452-994c-12a826c450af	ab38bc2a-4d8b-4fee-8d6f-d0d176339c75	Escola Pública - PPI - Baixa Renda	515.3
93932709-3c79-4f4a-994b-92e9da71ffc0	514c43f4-de36-49cf-8238-a07f2d84a873	Ampla Concorrência	565.4
ba5324bb-f2cd-4fb5-8f1a-a4cd15850ffd	514c43f4-de36-49cf-8238-a07f2d84a873	Escola Pública - Independente de Renda	555.2
2f8411aa-6221-41c5-9323-4d680b2839ca	514c43f4-de36-49cf-8238-a07f2d84a873	Escola Pública - PPI - Indep. Renda	525.3
bd70dad7-9ec3-4575-a3e1-635b8c9df364	514c43f4-de36-49cf-8238-a07f2d84a873	Escola Pública - Baixa Renda	545.1
69944e53-b62d-4666-a47b-e058ff76a3d8	514c43f4-de36-49cf-8238-a07f2d84a873	Escola Pública - PPI - Baixa Renda	505.4
ed41b5bc-6ef7-4a0b-8b84-7dacdc0539af	02a1f989-61a4-4925-bc53-ef9b60c3c209	Ampla Concorrência	585.5
ae549a1c-f7a0-403e-959f-0a24388732d3	02a1f989-61a4-4925-bc53-ef9b60c3c209	Escola Pública - Independente de Renda	575.3
063096e7-8d26-4a4b-8805-7e272eaf440c	02a1f989-61a4-4925-bc53-ef9b60c3c209	Escola Pública - PPI - Indep. Renda	545.2
24c9538e-54bd-4c2a-a11d-38eb5a6f0cc7	02a1f989-61a4-4925-bc53-ef9b60c3c209	Escola Pública - Baixa Renda	565.4
9737c283-274e-4918-b89e-9548e164ab04	02a1f989-61a4-4925-bc53-ef9b60c3c209	Escola Pública - PPI - Baixa Renda	525.1
677bcc12-ee76-478b-8042-d2e97ac41bf3	fddca971-46f2-4f2f-a003-53bf98922fa6	Ampla Concorrência	565.1
9e48f98e-2c68-4ff0-b06d-d4a8e233ae2f	fddca971-46f2-4f2f-a003-53bf98922fa6	Escola Pública - Independente de Renda	555.3
553b46b5-6647-4707-ab03-490e0a963b86	fddca971-46f2-4f2f-a003-53bf98922fa6	Escola Pública - PPI - Indep. Renda	525.4
3afc5290-890b-4e6e-a933-95bdc109bf09	fddca971-46f2-4f2f-a003-53bf98922fa6	Escola Pública - Baixa Renda	545.2
38c4a63d-ad31-483a-b2be-554607ce48a3	fddca971-46f2-4f2f-a003-53bf98922fa6	Escola Pública - PPI - Baixa Renda	505.5
ea7b391f-4fe7-4f0b-a22a-c4b752330e3b	bf59b8ad-a825-430e-b4e1-2a55e9709ef4	Ampla Concorrência	550.2
1bb32f5b-5e8d-4739-9a42-cad53e45a72a	bf59b8ad-a825-430e-b4e1-2a55e9709ef4	Escola Pública - Independente de Renda	540.5
b0cc6875-1ebd-4dcb-a1bd-5b00509384ac	bf59b8ad-a825-430e-b4e1-2a55e9709ef4	Escola Pública - PPI - Indep. Renda	515.1
88689af3-f28c-450a-8fdf-ff08503b8649	bf59b8ad-a825-430e-b4e1-2a55e9709ef4	Escola Pública - Baixa Renda	530.4
027c08bb-107e-47ea-af89-d5bb3fc8dd74	bf59b8ad-a825-430e-b4e1-2a55e9709ef4	Escola Pública - PPI - Baixa Renda	495.2
268ac725-ad3e-4381-8439-14700707f22e	f555a087-dedc-4677-923c-7cd75f247541	Ampla Concorrência	535.4
29a047c7-48f4-431d-a7f9-0de0a209404d	f555a087-dedc-4677-923c-7cd75f247541	Escola Pública - Independente de Renda	525.2
c265678b-f9d1-4170-a306-310355a45e50	f555a087-dedc-4677-923c-7cd75f247541	Escola Pública - PPI - Indep. Renda	500.1
b4118278-b85f-4365-9c3e-a962690c5c94	f555a087-dedc-4677-923c-7cd75f247541	Escola Pública - Baixa Renda	515.3
6eb8e2fb-0a83-41f1-a9f0-773a9044affb	f555a087-dedc-4677-923c-7cd75f247541	Escola Pública - PPI - Baixa Renda	480.5
90b73f19-493a-44d2-bfba-e00183f76019	f5008480-6f1e-4b2c-af3d-3f6a634e5e89	Ampla Concorrência	545.3
44088360-18dd-4b04-9d42-ab3ab6f80b26	f5008480-6f1e-4b2c-af3d-3f6a634e5e89	Escola Pública - Independente de Renda	535.1
0aacc291-2a3b-4f60-ae1a-51f0a4849e0b	f5008480-6f1e-4b2c-af3d-3f6a634e5e89	Escola Pública - PPI - Indep. Renda	510.4
1800426f-42d8-4cf7-bb8d-7a1da9497e00	f5008480-6f1e-4b2c-af3d-3f6a634e5e89	Escola Pública - Baixa Renda	525.2
0f1a6c90-8d27-4e8d-a6d6-c27ba4ee54a6	f5008480-6f1e-4b2c-af3d-3f6a634e5e89	Escola Pública - PPI - Baixa Renda	490.1
dd73a107-0462-42e8-b618-efe789280300	bafaa898-88a1-4e34-a3d1-dee9363e2a7f	Ampla Concorrência	540.5
e9db9db1-3542-43aa-a7e5-208146c24e83	bafaa898-88a1-4e34-a3d1-dee9363e2a7f	Escola Pública - Independente de Renda	530.2
4ba0debc-8a79-4851-af45-83ea94a61e82	bafaa898-88a1-4e34-a3d1-dee9363e2a7f	Escola Pública - PPI - Indep. Renda	505.3
32a60177-e1d5-4473-a3fd-67336c3077e5	bafaa898-88a1-4e34-a3d1-dee9363e2a7f	Escola Pública - Baixa Renda	520.1
d1d422b6-ab12-4a56-bab1-d3d4463698e1	bafaa898-88a1-4e34-a3d1-dee9363e2a7f	Escola Pública - PPI - Baixa Renda	485.4
dc7f7ae0-b160-4f0e-8287-68a435bb7dad	40555340-cd98-4266-a91f-622cabf7c1d2	Ampla Concorrência	535.2
5054557a-502b-43d0-b52d-de4497c0eed9	40555340-cd98-4266-a91f-622cabf7c1d2	Escola Pública - Independente de Renda	525.4
d9322487-1789-4620-b834-a8c1df7369a6	40555340-cd98-4266-a91f-622cabf7c1d2	Escola Pública - PPI - Indep. Renda	500.1
8c48ebcd-0bd2-4374-a034-81579041337c	40555340-cd98-4266-a91f-622cabf7c1d2	Escola Pública - Baixa Renda	515.3
83b9553b-983e-4e2d-bf96-017cfd71d185	40555340-cd98-4266-a91f-622cabf7c1d2	Escola Pública - PPI - Baixa Renda	480.2
c81e9415-e2d1-431c-9abb-5690ba9ab53d	b5ba70b6-85ec-4781-983a-61d07b591cc8	Ampla Concorrência	619.6
ce78ef16-42cb-4796-8d35-2b7d8626e41c	b5ba70b6-85ec-4781-983a-61d07b591cc8	Escola Pública - Independente de Renda	614.84
958f34be-7a0c-420b-a0a0-73256e0eec09	b5ba70b6-85ec-4781-983a-61d07b591cc8	Escola Pública - Baixa Renda	596.58
\.


--
-- Data for Name: University; Type: TABLE DATA; Schema: public; Owner: docker
--

COPY public."University" (id, name, "createAt", "updateAt") FROM stdin;
3dc6d32e-9600-44ac-98be-0a758fac1d7f	UNIVERSIDADE FEDERAL DA BAHIA	2025-12-25 19:27:31.337	2025-12-25 19:27:31.337
644cfe95-deef-4319-8b92-66001815fddb	UNIVERSIDADE FEDERAL DE SERGIPE	2025-12-25 19:27:44.679	2025-12-25 19:27:44.679
\.


--
-- Data for Name: _prisma_migrations; Type: TABLE DATA; Schema: public; Owner: docker
--

COPY public._prisma_migrations (id, checksum, finished_at, migration_name, logs, rolled_back_at, started_at, applied_steps_count) FROM stdin;
4ea083d5-84f1-414a-82a1-35fef1851889	88714d7052c0afe69619e6c8f831947616bc03880714b65daa17b93c8ed14590	2025-12-25 19:02:10.293816+00	20251225165756_init	\N	\N	2025-12-25 19:02:10.285268+00	1
8980b2d1-3f9c-4729-b8e4-68060b9c428f	3f948cabee3e238da7a9a5eea12ff9f22415984e0820b84939467f529a6afa1c	2025-12-25 19:02:10.302609+00	20251225172549_create_university_object	\N	\N	2025-12-25 19:02:10.295378+00	1
7d39132b-50e1-49c0-a0ef-e5b346c13542	82d228cbb74247156b2f0d052243357c3c6593f35a740034586b5c8c8bae2cad	2025-12-25 19:48:12.446348+00	20251225194812_create_weight_fields	\N	\N	2025-12-25 19:48:12.440054+00	1
0765dc78-f56c-486a-8a52-6f6acfb9254a	fec99c8cc5d33f41a253634f6d9e24ee4dd7f6e998c30bbca6aaa066f0d687c0	2025-12-25 20:10:51.232105+00	20251225201051_change_type_int_to_float_in_wight	\N	\N	2025-12-25 20:10:51.224665+00	1
6c0491ea-0633-40c6-9800-a0ca9414b8ef	627f515d4a5e2133b8d0a1f28402f8322f4e92063bbc93ec9ac7f543b1b9f6e4	2025-12-25 21:07:55.191448+00	20251225210755_add_min_points	\N	\N	2025-12-25 21:07:55.181898+00	1
\.


--
-- Name: Course Course_pkey; Type: CONSTRAINT; Schema: public; Owner: docker
--

ALTER TABLE ONLY public."Course"
    ADD CONSTRAINT "Course_pkey" PRIMARY KEY (id);


--
-- Name: CutOffCategory CutOffCategory_pkey; Type: CONSTRAINT; Schema: public; Owner: docker
--

ALTER TABLE ONLY public."CutOffCategory"
    ADD CONSTRAINT "CutOffCategory_pkey" PRIMARY KEY (id);


--
-- Name: CutOff CutOff_pkey; Type: CONSTRAINT; Schema: public; Owner: docker
--

ALTER TABLE ONLY public."CutOff"
    ADD CONSTRAINT "CutOff_pkey" PRIMARY KEY (id);


--
-- Name: University University_pkey; Type: CONSTRAINT; Schema: public; Owner: docker
--

ALTER TABLE ONLY public."University"
    ADD CONSTRAINT "University_pkey" PRIMARY KEY (id);


--
-- Name: _prisma_migrations _prisma_migrations_pkey; Type: CONSTRAINT; Schema: public; Owner: docker
--

ALTER TABLE ONLY public._prisma_migrations
    ADD CONSTRAINT _prisma_migrations_pkey PRIMARY KEY (id);


--
-- Name: University_name_key; Type: INDEX; Schema: public; Owner: docker
--

CREATE UNIQUE INDEX "University_name_key" ON public."University" USING btree (name);


--
-- Name: Course Course_universityId_fkey; Type: FK CONSTRAINT; Schema: public; Owner: docker
--

ALTER TABLE ONLY public."Course"
    ADD CONSTRAINT "Course_universityId_fkey" FOREIGN KEY ("universityId") REFERENCES public."University"(id) ON UPDATE CASCADE ON DELETE SET NULL;


--
-- Name: CutOffCategory CutOffCategory_cutOffId_fkey; Type: FK CONSTRAINT; Schema: public; Owner: docker
--

ALTER TABLE ONLY public."CutOffCategory"
    ADD CONSTRAINT "CutOffCategory_cutOffId_fkey" FOREIGN KEY ("cutOffId") REFERENCES public."CutOff"(id) ON UPDATE CASCADE ON DELETE RESTRICT;


--
-- Name: CutOff CutOff_courseId_fkey; Type: FK CONSTRAINT; Schema: public; Owner: docker
--

ALTER TABLE ONLY public."CutOff"
    ADD CONSTRAINT "CutOff_courseId_fkey" FOREIGN KEY ("courseId") REFERENCES public."Course"(id) ON UPDATE CASCADE ON DELETE RESTRICT;


--
-- PostgreSQL database dump complete
--

\unrestrict 0JlZHit4umVz6BFM3KdhGeNjy61fqFpe7vuva08OW843fm5RJnuAfTUwB6yaj6a

